child_id,trial_id,scen_id,scen_name,feedback_type,in_sp,in_ex,in_sa,in_ap,in_tp,initial_pq,re_sp,re_ex,re_sa,re_ap,re_tp,revised_pq,perct_moti,perct_help
1,1,1,Programmieren lernen,dialogic,1,1,0,0,1,3,1,1,1,1,1,5,3,3
1,2,2,Geschichten schreiben,instructive,0,0,0,0,0,0,1,1,1,1,1,5,2,3
1,3,5,Videos drehen,instructive,1,1,1,1,1,5,1,1,1,1,1,5,3,2
1,4,3,Bild Zeichnen,dialogic,1,1,1,1,0,4,1,1,1,1,1,5,3,3
1,5,6,Pflanzen gießen,dialogic,1,1,1,1,1,5,0,1,0,1,0,2,2,2
1,6,4,Hund ausführen,instructive,1,1,0,1,0,3,1,1,0,1,0,3,2,2
2,1,3,Bild Zeichnen,instructive,0,0,0,0,0,0,1,1,1,1,1,5,4,4
2,2,6,Pflanzen gießen,dialogic,0,1,0,1,0,2,0,1,0,1,0,2,3,3
2,3,2,Geschichten schreiben,instructive,1,1,0,1,1,4,1,1,0,1,1,4,3,3
2,4,4,Hund ausführen,dialogic,1,1,1,1,1,5,1,1,1,1,1,5,4,4
2,5,1,Programmieren lernen,instructive,1,1,0,1,1,4,1,1,1,1,1,5,3,3
2,6,5,Videos drehen,dialogic,1,1,0,1,0,3,1,1,0,1,0,3,4,2
3,1,6,Pflanzen gießen,instructive,0,0,0,0,0,0,0,1,0,0,0,1,2,2
3,2,4,Hund ausführen,instructive,0,1,0,1,0,2,1,1,1,1,1,5,2,2
3,3,3,Bild Zeichnen,dialogic,0,0,0,0,0,0,1,1,0,1,1,4,3,3
3,4,1,Programmieren lernen,instructive,1,1,1,1,1,5,1,1,1,1,1,5,3,3
3,5,5,Videos drehen,dialogic,0,0,0,0,0,0,0,1,0,1,0,2,3,3
3,6,2,Geschichten schreiben,dialogic,0,0,0,0,0,0,1,1,0,1,1,4,4,4
4,1,1,Programmieren lernen,instructive,0,1,0,0,0,1,0,1,0,1,0,2,3,3
4,2,2,Geschichten schreiben,dialogic,0,1,0,1,0,2,1,1,0,1,0,3,3,4
4,3,5,Videos drehen,instructive,1,1,0,1,1,4,1,1,0,1,0,3,4,3
4,4,3,Bild Zeichnen,instructive,1,1,0,1,1,4,1,1,0,1,1,4,3,4
4,5,4,Hund ausführen,dialogic,1,1,1,1,1,5,1,1,1,1,1,5,3,3
4,6,6,Pflanzen gießen,dialogic,0,1,0,0,0,1,0,1,0,1,0,2,2,2
5,1,5,Videos drehen,instructive,0,0,0,0,0,0,0,1,0,1,1,3,2,2
5,2,3,Bild Zeichnen,dialogic,0,0,0,0,0,0,0,1,0,1,0,2,4,4
5,3,4,Hund ausführen,instructive,0,1,0,1,0,2,1,1,1,1,1,5,3,3
5,4,1,Programmieren lernen,dialogic,0,0,0,0,0,0,1,1,1,1,1,5,4,4
5,5,2,Geschichten schreiben,instructive,1,1,1,1,1,5,1,1,1,1,1,5,2,3
5,6,6,Pflanzen gießen,dialogic,0,1,0,1,0,2,1,1,0,1,1,4,4,4
6,1,5,Videos drehen,dialogic,1,1,1,1,1,5,1,1,1,1,1,5,3,3
6,2,3,Bild Zeichnen,instructive,0,0,0,0,0,0,0,1,0,1,0,2,3,3
6,3,6,Pflanzen gießen,instructive,0,0,0,0,0,0,1,1,0,1,1,4,4,4
6,4,4,Hund ausführen,dialogic,0,0,0,0,0,0,1,1,0,0,0,2,3,3
6,5,1,Programmieren lernen,instructive,0,0,0,0,0,0,0,0,0,0,0,0,3,3
6,6,2,Geschichten schreiben,dialogic,1,1,0,1,1,4,1,1,0,1,1,4,3,3
7,1,1,Programmieren lernen,instructive,0,1,0,1,0,2,0,1,0,1,1,3,4,4
7,2,3,Bild Zeichnen,dialogic,0,1,0,1,0,2,0,1,0,1,1,3,3,2
7,3,4,Hund ausführen,dialogic,1,0,0,1,0,2,0,1,0,1,0,2,3,1
7,4,5,Videos drehen,dialogic,0,0,0,0,0,0,1,1,0,1,1,4,3,1
7,5,2,Geschichten schreiben,instructive,0,1,0,1,0,2,0,1,0,1,1,3,3,2
7,6,6,Pflanzen gießen,instructive,1,1,0,1,1,4,0,1,1,1,0,3,3,3
8,1,6,Pflanzen gießen,dialogic,0,1,0,0,0,1,1,1,0,1,0,3,4,4
8,2,2,Geschichten schreiben,instructive,0,1,0,0,0,1,1,1,0,1,1,4,3,2
8,3,3,Bild Zeichnen,dialogic,1,1,0,1,1,4,1,1,1,1,1,5,4,4
8,4,4,Hund ausführen,instructive,0,0,0,0,0,0,0,1,0,0,0,1,2,2
8,5,5,Videos drehen,dialogic,0,0,0,0,0,0,1,1,1,1,1,5,4,4
8,6,1,Programmieren lernen,instructive,0,0,0,0,0,0,0,0,0,0,0,0,4,4
9,1,1,Programmieren lernen,dialogic,0,0,0,0,0,0,1,1,1,1,1,5,3,4
9,2,6,Pflanzen gießen,dialogic,1,1,1,1,1,5,1,1,1,1,1,5,4,4
9,3,4,Hund ausführen,instructive,1,1,1,1,1,5,1,1,1,1,1,5,2,3
9,4,2,Geschichten schreiben,dialogic,1,1,1,1,1,5,1,1,1,1,1,5,3,3
9,5,5,Videos drehen,instructive,1,1,0,1,1,4,1,1,0,1,1,4,3,2
9,6,3,Bild Zeichnen,instructive,1,1,1,1,1,5,1,1,1,1,1,5,2,3
10,1,4,Hund ausführen,dialogic,1,1,1,1,1,5,0,1,0,1,0,2,4,3
10,2,1,Programmieren lernen,instructive,0,1,0,0,0,1,1,1,0,1,1,4,2,3
10,3,5,Videos drehen,instructive,0,1,0,1,0,2,1,1,0,1,1,4,2,2
10,4,3,Bild Zeichnen,dialogic,0,0,0,0,0,0,0,1,0,1,1,3,3,4
10,5,6,Pflanzen gießen,dialogic,0,1,0,1,0,2,1,1,1,1,0,4,4,3
10,6,2,Geschichten schreiben,instructive,0,1,0,0,0,1,0,1,0,1,0,2,2,3
11,1,5,Videos drehen,dialogic,0,1,0,1,0,2,1,1,1,1,1,5,4,3
11,2,1,Programmieren lernen,instructive,1,0,0,1,1,3,1,1,0,1,1,4,3,2
11,3,3,Bild Zeichnen,dialogic,1,1,0,1,1,4,1,1,1,1,1,5,4,4
11,4,4,Hund ausführen,instructive,1,0,0,1,1,3,1,1,0,1,1,4,3,2
11,5,6,Pflanzen gießen,instructive,1,1,0,1,1,4,1,1,0,1,1,4,3,2
11,6,2,Geschichten schreiben,dialogic,1,1,0,1,1,4,1,1,0,1,1,4,4,4
12,1,3,Bild Zeichnen,dialogic,0,0,0,0,0,0,1,0,0,1,0,2,2,3
12,2,5,Videos drehen,dialogic,0,0,0,0,0,0,0,1,0,1,0,2,2,2
12,3,6,Pflanzen gießen,instructive,1,1,1,1,1,5,1,1,1,1,1,5,4,3
12,4,4,Hund ausführen,dialogic,0,0,0,1,0,1,0,0,0,1,1,2,2,2
12,5,2,Geschichten schreiben,instructive,0,0,0,0,0,0,0,1,0,1,0,2,3,3
12,6,1,Programmieren lernen,instructive,0,0,0,0,0,0,1,1,1,1,1,5,4,3
13,1,2,Geschichten schreiben,dialogic,0,0,0,0,0,0,0,0,0,0,0,0,1,2
13,2,6,Pflanzen gießen,dialogic,1,1,1,1,1,5,1,1,1,1,1,5,2,3
13,3,5,Videos drehen,instructive,0,0,0,0,0,0,1,1,1,1,1,5,4,3
13,4,3,Bild Zeichnen,instructive,1,1,0,1,1,4,1,1,0,1,1,4,4,3
13,5,4,Hund ausführen,dialogic,0,0,0,0,0,0,1,1,1,1,0,4,3,2
13,6,1,Programmieren lernen,instructive,0,1,0,0,0,1,1,1,1,1,1,5,4,3
14,1,6,Pflanzen gießen,dialogic,1,1,1,0,1,4,1,1,1,1,1,5,3,2
14,2,1,Programmieren lernen,dialogic,0,1,0,0,0,1,1,1,0,1,1,4,2,3
14,3,3,Bild Zeichnen,instructive,0,1,0,0,0,1,1,1,1,1,1,5,4,4
14,4,5,Videos drehen,dialogic,0,1,0,0,0,1,1,1,0,1,0,3,2,2
14,5,2,Geschichten schreiben,instructive,0,1,0,0,0,1,1,1,1,0,1,4,4,3
14,6,4,Hund ausführen,instructive,0,1,0,0,0,1,1,1,1,1,1,5,4,4
15,1,2,Geschichten schreiben,instructive,0,1,0,1,1,3,1,1,1,1,1,5,4,3
15,2,5,Videos drehen,instructive,0,0,0,0,0,0,1,1,0,1,1,4,4,4
15,3,1,Programmieren lernen,dialogic,1,1,0,1,1,4,1,1,0,1,1,4,2,2
15,4,6,Pflanzen gießen,instructive,1,1,0,1,1,4,1,1,0,1,1,4,4,4
15,5,3,Bild Zeichnen,dialogic,1,1,0,1,1,4,1,1,0,1,1,4,2,1
15,6,4,Hund ausführen,dialogic,0,0,0,0,0,0,1,1,0,1,1,4,2,2
16,1,4,Hund ausführen,instructive,0,0,0,0,0,0,0,0,0,0,0,0,2,2
16,2,5,Videos drehen,instructive,1,1,0,1,1,4,1,1,0,1,1,4,3,2
16,3,6,Pflanzen gießen,dialogic,1,1,0,1,1,4,1,1,0,1,1,4,3,4
16,4,2,Geschichten schreiben,instructive,0,0,0,0,0,0,1,1,0,1,1,4,3,2
16,5,1,Programmieren lernen,dialogic,1,1,0,1,1,4,1,1,0,1,1,4,3,3
16,6,3,Bild Zeichnen,dialogic,0,1,0,0,0,1,1,1,0,1,1,4,4,3
17,1,3,Bild Zeichnen,dialogic,0,0,0,0,0,0,0,1,0,0,0,1,1,2
17,2,4,Hund ausführen,instructive,1,1,0,1,1,4,1,1,0,1,1,4,3,4
17,3,1,Programmieren lernen,dialogic,0,0,0,0,0,0,1,1,0,1,1,4,2,2
17,4,2,Geschichten schreiben,instructive,0,1,0,1,0,2,1,1,0,1,1,4,3,4
17,5,6,Pflanzen gießen,instructive,1,1,0,1,1,4,1,1,1,1,1,5,4,4
17,6,5,Videos drehen,dialogic,0,1,0,0,0,1,0,1,0,0,0,1,1,1
18,1,1,Programmieren lernen,dialogic,1,1,1,1,1,5,1,1,1,1,1,5,2,2
18,2,3,Bild Zeichnen,instructive,1,1,0,1,1,4,1,1,0,1,1,4,3,4
18,3,4,Hund ausführen,instructive,1,1,0,0,1,3,1,1,0,0,1,3,3,3
18,4,5,Videos drehen,dialogic,0,0,0,0,0,0,0,0,0,0,0,0,1,1
18,5,2,Geschichten schreiben,instructive,0,0,0,0,0,0,1,1,1,1,1,5,4,4
18,6,6,Pflanzen gießen,dialogic,1,1,0,0,1,3,1,1,0,0,1,3,2,2
19,1,1,Programmieren lernen,dialogic,0,0,0,1,0,1,1,1,0,1,1,4,4,4
19,2,3,Bild Zeichnen,instructive,0,0,0,1,0,1,1,1,1,1,0,4,3,3
19,3,6,Pflanzen gießen,dialogic,1,1,1,1,1,5,1,1,1,1,1,5,4,3
19,4,4,Hund ausführen,instructive,1,1,1,1,1,5,1,1,0,1,1,4,3,3
19,5,2,Geschichten schreiben,dialogic,1,1,0,1,0,3,1,1,1,1,1,5,4,4
19,6,5,Videos drehen,instructive,0,0,0,0,0,0,1,1,1,1,1,5,3,4
20,1,3,Bild Zeichnen,instructive,0,0,0,0,0,0,1,1,0,1,1,4,2,2
20,2,4,Hund ausführen,instructive,1,1,0,1,1,4,1,1,1,1,1,5,2,2
20,3,5,Videos drehen,dialogic,1,1,0,1,1,4,1,1,1,1,1,5,3,4
20,4,1,Programmieren lernen,dialogic,1,1,0,1,1,4,1,1,1,1,1,5,3,4
20,5,2,Geschichten schreiben,instructive,0,1,0,0,0,1,1,1,1,1,1,5,2,3
20,6,6,Pflanzen gießen,dialogic,0,1,0,1,0,2,1,1,1,1,1,5,4,4
21,1,2,Geschichten schreiben,instructive,0,0,0,0,0,0,1,1,0,1,1,4,2,2
21,2,3,Bild Zeichnen,instructive,0,0,0,0,0,0,1,1,1,1,1,5,2,2
21,3,6,Pflanzen gießen,dialogic,1,1,1,1,1,5,1,1,1,1,1,5,3,4
21,4,5,Videos drehen,instructive,0,1,0,0,0,1,1,1,1,1,0,4,3,3
21,5,1,Programmieren lernen,dialogic,1,1,0,1,1,4,1,1,0,1,1,4,3,4
21,6,4,Hund ausführen,dialogic,1,1,1,1,1,5,1,1,1,1,1,5,4,4
22,1,6,Pflanzen gießen,instructive,0,0,0,0,0,0,1,1,0,1,1,4,3,3
22,2,5,Videos drehen,dialogic,0,0,0,0,0,0,1,1,0,1,1,4,4,4
22,3,4,Hund ausführen,dialogic,1,1,0,1,1,4,1,1,1,1,1,5,4,4
22,4,1,Programmieren lernen,instructive,0,0,0,0,0,0,0,1,0,1,0,2,2,2
22,5,2,Geschichten schreiben,instructive,0,0,0,0,0,0,1,1,0,1,1,4,2,2
22,6,3,Bild Zeichnen,dialogic,0,1,0,1,0,2,1,1,1,1,0,4,4,4
23,1,1,Programmieren lernen,dialogic,0,0,0,0,0,0,1,1,0,1,1,4,3,2
23,2,3,Bild Zeichnen,dialogic,0,0,0,0,0,0,1,1,0,1,0,3,2,2
23,3,4,Hund ausführen,instructive,1,1,1,1,1,5,1,1,1,1,1,5,4,4
23,4,5,Videos drehen,dialogic,0,0,0,0,0,0,0,1,0,1,1,3,2,2
23,5,2,Geschichten schreiben,instructive,1,1,0,1,1,4,1,1,0,1,1,4,4,3
23,6,6,Pflanzen gießen,instructive,0,1,0,1,1,3,1,1,1,1,1,5,4,3
24,1,5,Videos drehen,instructive,1,1,0,1,1,4,1,1,1,1,1,5,2,3
24,2,4,Hund ausführen,dialogic,1,1,1,0,0,3,1,1,1,0,0,3,3,3
24,3,2,Geschichten schreiben,dialogic,0,1,0,0,0,1,1,1,0,1,1,4,4,3
24,4,1,Programmieren lernen,instructive,1,1,0,1,1,4,1,1,1,1,1,5,3,2
24,5,3,Bild Zeichnen,instructive,0,1,0,1,0,2,0,1,0,1,1,3,2,2
24,6,6,Pflanzen gießen,dialogic,0,1,0,1,0,2,1,1,0,1,0,3,3,3
25,1,1,Programmieren lernen,dialogic,0,1,0,0,0,1,1,1,1,0,1,4,4,3
25,2,2,Geschichten schreiben,instructive,0,0,0,0,0,0,1,1,1,1,1,5,3,2
25,3,4,Hund ausführen,dialogic,0,0,0,1,0,1,1,1,0,1,1,4,4,3
25,4,3,Bild Zeichnen,dialogic,0,0,0,0,0,0,1,1,1,1,1,5,4,4
25,5,5,Videos drehen,instructive,0,0,0,0,0,0,0,0,0,0,0,0,1,2
25,6,6,Pflanzen gießen,instructive,0,1,0,0,0,1,0,1,0,0,0,1,1,1
26,1,4,Hund ausführen,instructive,0,1,0,1,1,3,1,1,1,1,1,5,3,3
26,2,3,Bild Zeichnen,dialogic,1,1,0,1,1,4,1,1,1,1,1,5,4,3
26,3,5,Videos drehen,instructive,1,1,1,1,1,5,1,1,1,1,1,5,3,2
26,4,6,Pflanzen gießen,instructive,0,0,0,0,0,0,1,1,1,1,1,5,3,2
26,5,2,Geschichten schreiben,dialogic,0,0,0,1,0,1,1,1,1,1,1,5,4,3
26,6,1,Programmieren lernen,dialogic,0,1,0,0,0,1,1,1,1,1,1,5,4,4
27,1,4,Hund ausführen,dialogic,0,1,0,0,0,1,1,1,0,1,1,4,2,3
27,2,5,Videos drehen,instructive,1,1,0,1,1,4,1,1,0,1,1,4,4,4
27,3,1,Programmieren lernen,dialogic,1,1,0,1,1,4,1,1,0,1,1,4,3,2
27,4,6,Pflanzen gießen,dialogic,1,1,1,1,1,5,1,1,1,1,1,5,3,3
27,5,3,Bild Zeichnen,instructive,0,1,0,1,0,2,1,1,0,1,1,4,4,4
27,6,2,Geschichten schreiben,instructive,0,1,0,0,0,1,1,1,1,1,1,5,4,4
28,1,4,Hund ausführen,dialogic,1,1,1,1,1,5,0,1,0,1,1,3,3,3
28,2,1,Programmieren lernen,instructive,0,1,0,0,0,1,0,1,0,1,0,2,2,2
28,3,3,Bild Zeichnen,dialogic,0,1,0,1,0,2,0,1,0,0,0,1,2,3
28,4,5,Videos drehen,instructive,0,1,0,0,0,1,1,1,0,1,1,4,2,2
28,5,2,Geschichten schreiben,dialogic,0,0,0,0,0,0,0,1,0,1,0,2,3,3
28,6,6,Pflanzen gießen,instructive,0,0,0,1,0,1,1,1,0,1,0,3,2,2
29,1,6,Pflanzen gießen,dialogic,0,0,0,0,0,0,1,1,1,1,1,5,3,3
29,2,3,Bild Zeichnen,instructive,1,1,0,1,1,4,1,1,0,1,1,4,4,4
29,3,4,Hund ausführen,instructive,0,0,0,0,0,0,1,1,0,1,1,4,4,4
29,4,1,Programmieren lernen,dialogic,0,0,0,0,0,0,0,1,0,1,0,2,2,2
29,5,2,Geschichten schreiben,dialogic,1,1,1,1,1,5,1,1,1,1,1,5,3,2
29,6,5,Videos drehen,instructive,0,1,0,1,0,2,1,1,1,1,1,5,4,4
30,1,2,Geschichten schreiben,instructive,0,1,0,0,0,1,1,1,1,1,1,5,4,3
30,2,5,Videos drehen,instructive,0,0,0,0,0,0,1,1,0,1,1,4,3,4
30,3,6,Pflanzen gießen,instructive,1,1,0,1,1,4,1,1,0,1,1,4,4,4
30,4,1,Programmieren lernen,dialogic,0,1,0,0,0,1,1,1,0,1,1,4,3,2
30,5,4,Hund ausführen,dialogic,1,1,0,1,1,4,1,1,1,1,1,5,3,3
30,6,3,Bild Zeichnen,dialogic,0,1,0,0,0,1,1,1,0,0,1,3,2,2
31,1,1,Programmieren lernen,dialogic,1,1,1,1,1,5,1,1,1,1,1,5,4,4
31,2,2,Geschichten schreiben,instructive,1,1,0,1,1,4,1,1,0,1,1,4,2,3
31,3,4,Hund ausführen,instructive,0,0,0,0,0,0,1,1,0,1,1,4,2,3
31,4,6,Pflanzen gießen,dialogic,1,1,1,1,1,5,1,1,0,1,1,4,3,4
31,5,3,Bild Zeichnen,instructive,0,1,0,1,0,2,1,1,0,1,1,4,3,2
31,6,5,Videos drehen,dialogic,1,1,1,1,1,5,1,1,1,1,1,5,4,4
32,1,3,Bild Zeichnen,instructive,0,0,0,0,0,0,1,1,1,1,1,5,4,3
32,2,1,Programmieren lernen,instructive,0,1,0,1,0,2,1,1,1,1,0,4,4,3
32,3,2,Geschichten schreiben,instructive,1,1,0,1,1,4,1,1,0,1,1,4,3,4
32,4,6,Pflanzen gießen,dialogic,1,1,0,1,1,4,1,1,1,1,1,5,3,3
32,5,5,Videos drehen,dialogic,0,1,0,1,0,2,1,1,0,1,1,4,3,3
32,6,4,Hund ausführen,dialogic,0,0,0,0,0,0,1,1,0,1,1,4,2,2
33,1,6,Pflanzen gießen,dialogic,1,1,0,1,1,4,1,1,0,1,1,4,3,3
33,2,2,Geschichten schreiben,instructive,0,1,0,1,0,2,1,1,1,1,1,5,3,4
33,3,4,Hund ausführen,dialogic,1,1,0,1,1,4,1,1,0,1,1,4,1,2
33,4,5,Videos drehen,dialogic,0,0,0,0,0,0,0,1,0,1,0,2,2,2
33,5,1,Programmieren lernen,instructive,1,1,0,1,0,3,1,1,1,1,1,5,4,4
33,6,3,Bild Zeichnen,instructive,1,1,1,1,1,5,1,1,1,1,0,4,4,4
34,1,5,Videos drehen,dialogic,0,1,0,1,0,2,0,1,0,1,0,2,1,2
34,2,2,Geschichten schreiben,instructive,1,1,0,1,1,4,1,1,0,1,1,4,4,4
34,3,1,Programmieren lernen,instructive,0,1,0,1,0,2,1,1,1,1,1,5,4,4
34,4,3,Bild Zeichnen,dialogic,0,1,0,1,0,2,0,1,0,1,0,2,2,2
34,5,4,Hund ausführen,instructive,1,1,1,1,1,5,1,1,1,1,1,5,4,3
34,6,6,Pflanzen gießen,dialogic,1,1,1,1,1,5,1,1,0,1,1,4,1,1
35,1,3,Bild Zeichnen,dialogic,0,1,0,0,0,1,1,1,0,1,0,3,2,2
35,2,4,Hund ausführen,dialogic,1,1,1,1,1,5,1,1,1,1,1,5,2,2
35,3,1,Programmieren lernen,instructive,0,1,0,0,0,1,1,1,0,1,0,3,3,3
35,4,5,Videos drehen,instructive,1,1,0,0,0,2,1,1,0,1,0,3,3,3
35,5,6,Pflanzen gießen,dialogic,0,1,0,0,0,1,1,1,1,0,0,3,1,1
35,6,2,Geschichten schreiben,instructive,0,0,0,0,0,0,1,1,1,1,1,5,4,3
36,1,2,Geschichten schreiben,dialogic,1,1,1,1,1,5,1,1,1,1,1,5,4,4
36,2,4,Hund ausführen,instructive,0,1,0,1,0,2,1,1,1,1,1,5,2,3
36,3,5,Videos drehen,instructive,1,1,1,0,0,3,1,1,1,1,0,4,2,2
36,4,3,Bild Zeichnen,dialogic,1,1,0,1,1,4,1,1,1,1,0,4,4,3
36,5,6,Pflanzen gießen,instructive,1,1,1,1,0,4,1,1,1,1,1,5,2,2
36,6,1,Programmieren lernen,dialogic,1,1,1,1,1,5,1,1,0,1,1,4,3,4
37,1,2,Geschichten schreiben,instructive,0,0,0,0,0,0,1,1,0,1,1,4,4,3
37,2,1,Programmieren lernen,dialogic,0,0,0,0,0,0,0,1,0,1,0,2,2,2
37,3,4,Hund ausführen,dialogic,0,1,0,0,0,1,1,1,0,1,0,3,1,2
37,4,6,Pflanzen gießen,dialogic,0,1,0,0,0,1,1,1,1,1,1,5,3,2
37,5,3,Bild Zeichnen,instructive,0,1,0,0,0,1,1,1,0,1,0,3,3,3
37,6,5,Videos drehen,instructive,0,0,0,0,0,0,1,1,1,1,1,5,4,4
38,1,3,Bild Zeichnen,dialogic,1,1,0,1,0,3,1,1,1,1,1,5,3,4
38,2,2,Geschichten schreiben,instructive,1,0,0,1,0,2,1,1,0,1,1,4,3,2
38,3,5,Videos drehen,dialogic,0,1,0,0,0,1,1,1,1,1,1,5,4,4
38,4,1,Programmieren lernen,instructive,1,1,0,0,0,2,1,1,0,1,1,4,2,3
38,5,4,Hund ausführen,instructive,0,0,0,0,0,0,1,1,1,1,1,5,2,3
38,6,6,Pflanzen gießen,dialogic,1,1,1,1,1,5,1,1,1,0,1,4,4,3
39,1,5,Videos drehen,dialogic,1,1,0,1,0,3,1,1,0,1,1,4,2,1
39,2,2,Geschichten schreiben,instructive,0,0,0,0,0,0,1,1,0,1,1,4,3,3
39,3,3,Bild Zeichnen,dialogic,1,1,0,1,0,3,1,1,0,1,1,4,1,1
39,4,6,Pflanzen gießen,instructive,0,0,0,0,0,0,0,1,0,1,0,2,3,3
39,5,1,Programmieren lernen,instructive,0,1,0,1,0,2,1,1,0,1,0,3,3,3
39,6,4,Hund ausführen,dialogic,1,1,0,1,0,3,1,1,0,1,1,4,2,1
40,1,3,Bild Zeichnen,instructive,0,0,0,0,0,0,1,1,1,1,1,5,3,2
40,2,2,Geschichten schreiben,dialogic,0,0,0,0,0,0,0,1,0,0,0,1,3,3
40,3,5,Videos drehen,instructive,1,1,0,1,1,4,1,1,0,1,1,4,2,3
40,4,1,Programmieren lernen,dialogic,1,1,0,1,1,4,1,1,0,1,1,4,4,3
40,5,4,Hund ausführen,dialogic,0,1,0,1,0,2,0,1,0,1,0,2,3,3
40,6,6,Pflanzen gießen,instructive,1,1,0,1,0,3,1,1,0,1,0,3,2,1
41,1,6,Pflanzen gießen,dialogic,0,1,0,0,0,1,0,1,0,0,0,1,2,2
41,2,3,Bild Zeichnen,instructive,0,0,0,0,0,0,1,0,0,1,0,2,3,4
41,3,4,Hund ausführen,instructive,1,1,1,1,1,5,1,1,1,1,1,5,3,3
41,4,5,Videos drehen,instructive,1,0,0,1,1,3,1,1,1,1,1,5,4,3
41,5,2,Geschichten schreiben,dialogic,0,0,0,0,0,0,0,0,0,0,0,0,2,1
41,6,1,Programmieren lernen,dialogic,0,0,0,0,0,0,1,1,0,1,0,3,3,2
42,1,3,Bild Zeichnen,instructive,0,0,0,0,0,0,0,1,0,1,0,2,2,1
42,2,4,Hund ausführen,instructive,0,0,0,0,0,0,0,1,0,1,1,3,2,3
42,3,1,Programmieren lernen,instructive,0,1,0,0,0,1,1,1,1,1,1,5,3,2
42,4,6,Pflanzen gießen,dialogic,0,0,0,1,0,1,1,1,0,0,1,3,3,4
42,5,2,Geschichten schreiben,dialogic,1,1,0,0,0,2,0,1,0,1,1,3,3,3
42,6,5,Videos drehen,dialogic,1,1,0,1,1,4,1,1,0,1,1,4,4,4
43,1,1,Programmieren lernen,dialogic,0,0,0,0,0,0,0,1,0,1,0,2,2,2
43,2,3,Bild Zeichnen,instructive,0,0,0,0,0,0,0,1,0,1,0,2,3,4
43,3,2,Geschichten schreiben,instructive,1,1,0,1,1,4,1,1,1,1,1,5,4,4
43,4,4,Hund ausführen,instructive,0,1,0,0,0,1,1,1,0,1,1,4,3,4
43,5,6,Pflanzen gießen,dialogic,0,0,0,0,0,0,1,1,0,1,1,4,2,1
43,6,5,Videos drehen,dialogic,0,0,0,0,0,0,1,1,0,1,1,4,2,2
44,1,4,Hund ausführen,instructive,1,0,0,1,0,2,1,1,0,1,1,4,4,3
44,2,6,Pflanzen gießen,instructive,0,0,0,0,0,0,1,1,1,1,1,5,3,3
44,3,3,Bild Zeichnen,dialogic,0,0,0,0,0,0,0,1,0,1,0,2,2,2
44,4,5,Videos drehen,instructive,0,1,0,0,0,1,1,1,1,1,1,5,4,3
44,5,2,Geschichten schreiben,dialogic,0,0,0,0,0,0,0,1,0,1,0,2,2,3
44,6,1,Programmieren lernen,dialogic,0,0,0,0,0,0,1,1,0,1,1,4,3,2
45,1,1,Programmieren lernen,dialogic,0,0,0,0,0,0,1,1,0,0,1,3,4,3
45,2,2,Geschichten schreiben,instructive,0,0,0,0,0,0,1,1,0,1,1,4,2,1
45,3,4,Hund ausführen,dialogic,0,0,0,0,0,0,0,1,0,1,1,3,3,3
45,4,3,Bild Zeichnen,instructive,0,1,0,1,0,2,1,1,0,1,1,4,3,2
45,5,6,Pflanzen gießen,instructive,1,1,0,1,0,3,1,1,0,1,0,3,3,2
45,6,5,Videos drehen,dialogic,1,1,0,1,1,4,1,1,1,1,1,5,4,3
46,1,3,Bild Zeichnen,dialogic,1,1,1,1,1,5,1,1,1,1,1,5,4,4
46,2,4,Hund ausführen,dialogic,1,1,0,1,1,4,1,1,1,1,1,5,3,4
46,3,6,Pflanzen gießen,instructive,1,1,0,1,1,4,1,1,1,1,1,5,2,3
46,4,2,Geschichten schreiben,instructive,0,0,0,0,0,0,1,1,0,1,1,4,3,3
46,5,5,Videos drehen,dialogic,0,1,0,0,0,1,0,1,0,1,0,2,3,3
46,6,1,Programmieren lernen,instructive,0,0,0,0,0,0,1,1,1,1,0,4,1,1
47,1,5,Videos drehen,dialogic,1,1,0,1,1,4,1,1,1,1,1,5,3,3
47,2,2,Geschichten schreiben,dialogic,0,1,0,0,0,1,1,1,1,1,1,5,4,3
47,3,1,Programmieren lernen,instructive,0,1,0,1,0,2,0,1,0,1,0,2,1,2
47,4,3,Bild Zeichnen,dialogic,1,1,1,1,0,4,1,1,1,1,1,5,3,4
47,5,6,Pflanzen gießen,instructive,1,1,1,1,1,5,1,1,1,1,1,5,2,2
47,6,4,Hund ausführen,instructive,1,1,0,1,0,3,1,1,0,1,1,4,2,2
48,1,6,Pflanzen gießen,instructive,0,1,0,0,0,1,1,1,0,0,1,3,3,3
48,2,5,Videos drehen,instructive,0,0,0,0,0,0,0,0,0,0,0,0,2,1
48,3,1,Programmieren lernen,instructive,1,1,1,1,1,5,1,1,1,1,1,5,3,3
48,4,2,Geschichten schreiben,dialogic,1,0,0,0,0,1,1,1,1,1,1,5,4,4
48,5,3,Bild Zeichnen,dialogic,1,1,1,1,1,5,1,1,1,1,1,5,4,4
48,6,4,Hund ausführen,dialogic,0,1,0,1,0,2,1,1,1,1,1,5,4,4
49,1,4,Hund ausführen,instructive,0,0,0,0,0,0,1,1,1,1,1,5,3,2
49,2,2,Geschichten schreiben,dialogic,0,0,0,0,0,0,1,1,0,0,1,3,3,3
49,3,1,Programmieren lernen,instructive,0,1,0,1,0,2,1,1,1,1,1,5,2,3
49,4,5,Videos drehen,instructive,0,0,0,0,0,0,1,1,1,1,1,5,3,3
49,5,3,Bild Zeichnen,dialogic,0,0,0,0,0,0,1,1,1,1,1,5,4,4
49,6,6,Pflanzen gießen,dialogic,0,0,0,0,0,0,0,1,0,1,0,2,3,3
50,1,2,Geschichten schreiben,instructive,0,1,0,0,0,1,1,1,1,1,1,5,3,2
50,2,1,Programmieren lernen,dialogic,1,1,0,0,0,2,1,1,0,1,0,3,3,3
50,3,3,Bild Zeichnen,dialogic,0,0,0,0,0,0,1,1,1,1,1,5,4,3
50,4,6,Pflanzen gießen,instructive,0,0,0,1,0,1,1,1,1,1,1,5,3,2
50,5,4,Hund ausführen,instructive,0,1,0,1,0,2,1,1,0,1,1,4,3,1
50,6,5,Videos drehen,dialogic,0,0,0,1,0,1,1,1,0,1,1,4,4,4
51,1,4,Hund ausführen,dialogic,1,1,0,0,1,3,1,1,0,1,1,4,3,4
51,2,3,Bild Zeichnen,instructive,0,0,0,0,0,0,1,1,0,1,1,4,1,1
51,3,1,Programmieren lernen,instructive,0,1,0,0,0,1,0,1,0,1,0,2,1,1
51,4,5,Videos drehen,dialogic,0,1,0,0,0,1,1,1,0,0,1,3,3,2
51,5,6,Pflanzen gießen,instructive,0,1,0,0,0,1,0,1,0,1,1,3,2,2
51,6,2,Geschichten schreiben,dialogic,0,1,0,0,0,1,0,1,0,0,0,1,3,2
52,1,2,Geschichten schreiben,instructive,0,1,0,0,0,1,1,1,1,1,1,5,3,4
52,2,6,Pflanzen gießen,instructive,1,1,0,1,1,4,1,1,1,1,1,5,4,4
52,3,5,Videos drehen,dialogic,0,0,0,0,0,0,1,1,0,1,1,4,2,2
52,4,3,Bild Zeichnen,dialogic,0,1,0,1,0,2,1,1,1,1,1,5,2,2
52,5,4,Hund ausführen,instructive,0,1,0,1,1,3,1,1,0,1,1,4,4,3
52,6,1,Programmieren lernen,dialogic,0,0,0,0,0,0,1,1,0,1,0,3,2,2
53,1,1,Programmieren lernen,instructive,0,0,0,0,0,0,0,0,0,0,0,0,3,4
53,2,4,Hund ausführen,dialogic,1,1,0,1,1,4,1,1,1,1,1,5,3,3
53,3,5,Videos drehen,instructive,0,0,0,0,0,0,1,1,0,1,1,4,3,3
53,4,6,Pflanzen gießen,instructive,0,0,0,0,0,0,1,1,1,1,1,5,4,3
53,5,2,Geschichten schreiben,dialogic,0,0,0,0,0,0,1,1,1,0,1,4,3,3
53,6,3,Bild Zeichnen,dialogic,0,0,0,0,0,0,0,1,1,1,0,3,1,1
54,1,6,Pflanzen gießen,dialogic,1,1,0,0,1,3,0,1,0,1,1,3,2,2
54,2,3,Bild Zeichnen,dialogic,0,0,0,0,0,0,1,1,0,1,1,4,1,1
54,3,2,Geschichten schreiben,dialogic,1,1,1,1,1,5,1,1,1,1,1,5,2,1
54,4,1,Programmieren lernen,instructive,0,0,0,0,0,0,1,1,0,1,1,4,3,3
54,5,4,Hund ausführen,instructive,0,1,0,0,0,1,1,1,0,1,0,3,3,3
54,6,5,Videos drehen,instructive,0,0,0,0,0,0,1,1,0,1,1,4,3,4
55,1,4,Hund ausführen,dialogic,0,1,0,0,0,1,1,1,1,1,1,5,2,1
55,2,3,Bild Zeichnen,instructive,1,1,0,1,1,4,1,1,1,1,1,5,4,4
55,3,1,Programmieren lernen,dialogic,1,1,0,1,1,4,1,1,1,1,1,5,3,3
55,4,6,Pflanzen gießen,dialogic,1,1,1,1,1,5,1,1,1,1,1,5,3,3
55,5,2,Geschichten schreiben,instructive,1,1,1,1,1,5,1,1,1,1,1,5,3,3
55,6,5,Videos drehen,instructive,1,1,0,1,1,4,1,1,1,1,1,5,4,3
56,1,2,Geschichten schreiben,instructive,0,0,0,0,0,0,1,1,0,1,0,3,3,3
56,2,4,Hund ausführen,dialogic,0,1,0,0,0,1,1,1,0,1,1,4,2,2
56,3,5,Videos drehen,dialogic,1,1,0,1,1,4,1,1,0,1,1,4,1,1
56,4,1,Programmieren lernen,instructive,0,1,0,1,0,2,1,1,0,1,1,4,3,3
56,5,6,Pflanzen gießen,instructive,1,1,0,0,1,3,1,1,1,1,1,5,4,3
56,6,3,Bild Zeichnen,dialogic,0,0,0,0,0,0,1,1,1,1,1,5,2,2
57,1,3,Bild Zeichnen,dialogic,0,0,0,0,0,0,1,1,1,1,1,5,4,4
57,2,5,Videos drehen,instructive,0,0,0,0,0,0,0,1,1,1,0,3,3,2
57,3,6,Pflanzen gießen,dialogic,1,1,0,0,1,3,1,1,1,0,1,4,4,4
57,4,2,Geschichten schreiben,instructive,0,0,0,0,0,0,1,1,1,1,0,4,2,2
57,5,4,Hund ausführen,instructive,0,1,0,1,0,2,0,1,0,1,1,3,2,2
57,6,1,Programmieren lernen,dialogic,1,0,0,0,0,1,1,1,0,1,1,4,4,3
58,1,6,Pflanzen gießen,dialogic,0,0,0,1,0,1,1,1,1,0,1,4,2,2
58,2,4,Hund ausführen,instructive,0,1,0,0,0,1,1,1,0,1,1,4,3,3
58,3,2,Geschichten schreiben,instructive,0,0,0,0,0,0,1,1,1,1,1,5,4,3
58,4,3,Bild Zeichnen,dialogic,0,0,0,1,0,1,1,1,1,0,1,4,2,1
58,5,1,Programmieren lernen,instructive,1,0,0,0,0,1,1,1,0,1,1,4,3,2
58,6,5,Videos drehen,dialogic,0,0,0,0,0,0,1,1,0,1,0,3,2,2
59,1,4,Hund ausführen,dialogic,0,0,0,0,0,0,1,1,0,1,1,4,3,3
59,2,6,Pflanzen gießen,dialogic,1,1,0,0,1,3,0,0,0,0,0,0,3,2
59,3,1,Programmieren lernen,instructive,1,1,1,0,0,3,1,1,1,1,1,5,2,2
59,4,5,Videos drehen,dialogic,1,1,0,1,1,4,1,1,1,0,1,4,3,3
59,5,2,Geschichten schreiben,instructive,1,1,0,1,1,4,1,1,0,1,1,4,2,2
59,6,3,Bild Zeichnen,instructive,1,1,0,1,1,4,1,1,0,1,1,4,2,3
60,1,6,Pflanzen gießen,dialogic,1,1,0,1,0,3,1,1,0,0,1,3,2,3
60,2,5,Videos drehen,instructive,1,1,1,1,1,5,1,1,1,1,1,5,4,4
60,3,3,Bild Zeichnen,dialogic,1,1,0,1,1,4,1,1,0,1,1,4,2,2
60,4,2,Geschichten schreiben,dialogic,1,0,0,0,1,2,1,1,1,1,1,5,3,2
60,5,4,Hund ausführen,instructive,1,1,1,1,1,5,1,1,1,1,1,5,4,4
60,6,1,Programmieren lernen,instructive,0,1,0,0,0,1,1,1,1,0,1,4,4,4
61,1,3,Bild Zeichnen,instructive,1,1,0,1,1,4,1,1,1,1,1,5,3,3
61,2,6,Pflanzen gießen,instructive,1,1,0,0,1,3,1,1,0,0,1,3,1,1
61,3,1,Programmieren lernen,dialogic,1,1,1,1,1,5,1,1,1,1,1,5,3,4
61,4,5,Videos drehen,dialogic,1,1,1,1,1,5,1,1,1,1,1,5,3,3
61,5,2,Geschichten schreiben,dialogic,0,0,0,0,0,0,0,1,0,1,0,2,2,3
61,6,4,Hund ausführen,instructive,1,1,1,1,1,5,1,1,1,1,1,5,2,1
62,1,1,Programmieren lernen,instructive,0,0,0,0,0,0,1,1,0,1,1,4,1,2
62,2,2,Geschichten schreiben,instructive,0,1,0,1,0,2,1,1,0,1,0,3,2,3
62,3,4,Hund ausführen,dialogic,0,1,0,0,0,1,0,1,0,1,1,3,3,3
62,4,3,Bild Zeichnen,dialogic,1,1,0,0,1,3,1,1,1,1,1,5,4,4
62,5,6,Pflanzen gießen,instructive,0,1,0,1,1,3,0,1,0,1,1,3,1,1
62,6,5,Videos drehen,dialogic,1,1,1,1,1,5,1,1,1,1,1,5,4,4
63,1,4,Hund ausführen,dialogic,1,1,0,1,0,3,0,0,0,0,0,0,2,1
63,2,5,Videos drehen,instructive,0,1,0,1,0,2,1,1,0,1,0,3,3,3
63,3,6,Pflanzen gießen,dialogic,0,1,0,1,0,2,1,1,1,1,1,5,2,3
63,4,3,Bild Zeichnen,dialogic,1,1,1,1,1,5,1,1,1,1,1,5,3,3
63,5,2,Geschichten schreiben,instructive,1,1,0,1,0,3,1,1,1,1,1,5,3,3
63,6,1,Programmieren lernen,instructive,1,1,1,1,1,5,1,1,1,1,1,5,3,4
64,1,2,Geschichten schreiben,instructive,0,0,0,0,0,0,1,1,1,1,1,5,2,2
64,2,5,Videos drehen,instructive,0,1,0,1,0,2,0,1,0,1,1,3,2,2
64,3,4,Hund ausführen,dialogic,0,1,0,1,0,2,1,1,0,1,1,4,3,4
64,4,6,Pflanzen gießen,dialogic,0,0,0,1,0,1,0,1,0,0,0,1,3,3
64,5,3,Bild Zeichnen,dialogic,0,0,0,0,0,0,1,1,1,1,1,5,3,4
64,6,1,Programmieren lernen,instructive,0,0,0,0,0,0,1,1,1,1,1,5,3,2
65,1,6,Pflanzen gießen,dialogic,0,1,0,1,1,3,1,1,0,1,1,4,3,3
65,2,3,Bild Zeichnen,dialogic,0,0,0,0,0,0,1,1,0,1,1,4,3,3
65,3,2,Geschichten schreiben,dialogic,1,1,1,1,1,5,1,1,1,1,1,5,3,3
65,4,1,Programmieren lernen,instructive,1,1,0,0,0,2,1,1,0,1,1,4,1,1
65,5,4,Hund ausführen,instructive,0,0,0,0,0,0,0,0,0,0,0,0,1,1
65,6,5,Videos drehen,instructive,0,0,0,0,0,0,0,1,0,1,0,2,2,1
66,1,3,Bild Zeichnen,instructive,1,1,1,0,0,3,1,1,1,1,1,5,3,3
66,2,4,Hund ausführen,dialogic,1,1,1,1,0,4,1,1,0,1,1,4,4,3
66,3,6,Pflanzen gießen,dialogic,1,1,1,1,1,5,1,1,1,1,1,5,4,3
66,4,1,Programmieren lernen,dialogic,0,1,0,1,0,2,1,1,1,1,1,5,4,2
66,5,5,Videos drehen,instructive,0,1,0,1,0,2,1,1,1,1,1,5,3,3
66,6,2,Geschichten schreiben,instructive,1,1,1,1,1,5,1,1,1,1,1,5,1,1
67,1,1,Programmieren lernen,instructive,1,1,1,1,1,5,1,1,1,1,1,5,3,4
67,2,6,Pflanzen gießen,instructive,0,0,0,0,0,0,1,1,0,0,1,3,3,3
67,3,2,Geschichten schreiben,dialogic,0,0,0,0,0,0,1,1,1,1,0,4,3,2
67,4,5,Videos drehen,dialogic,0,0,0,0,0,0,0,1,0,0,0,1,2,1
67,5,3,Bild Zeichnen,instructive,0,0,0,0,0,0,1,1,1,1,1,5,3,3
67,6,4,Hund ausführen,dialogic,0,1,0,1,0,2,1,1,1,1,1,5,3,2
68,1,3,Bild Zeichnen,dialogic,0,1,0,1,0,2,1,1,1,1,1,5,4,3
68,2,1,Programmieren lernen,instructive,0,1,0,1,0,2,1,1,1,1,1,5,2,1
68,3,4,Hund ausführen,instructive,0,1,0,1,0,2,0,1,0,1,0,2,2,2
68,4,6,Pflanzen gießen,instructive,0,1,0,0,0,1,1,1,1,1,1,5,2,3
68,5,5,Videos drehen,dialogic,0,1,0,0,0,1,1,1,1,1,1,5,4,4
68,6,2,Geschichten schreiben,dialogic,0,1,0,0,0,1,1,1,1,1,1,5,4,4
69,1,1,Programmieren lernen,dialogic,0,1,0,0,0,1,1,1,1,1,1,5,2,2
69,2,5,Videos drehen,dialogic,0,0,0,0,0,0,1,1,0,1,1,4,2,2
69,3,3,Bild Zeichnen,dialogic,0,1,0,0,1,2,1,1,1,1,1,5,2,2
69,4,6,Pflanzen gießen,instructive,0,1,0,1,0,2,1,1,0,1,1,4,4,3
69,5,2,Geschichten schreiben,instructive,1,1,1,0,0,3,1,1,1,1,1,5,4,4
69,6,4,Hund ausführen,instructive,0,1,0,1,1,3,1,1,1,0,1,4,3,3
70,1,4,Hund ausführen,instructive,0,0,0,0,0,0,0,0,0,0,0,0,1,2
70,2,5,Videos drehen,dialogic,1,0,0,1,1,3,1,1,1,1,1,5,3,4
70,3,3,Bild Zeichnen,instructive,1,0,0,1,1,3,1,1,1,1,1,5,2,2
70,4,1,Programmieren lernen,dialogic,1,1,1,1,1,5,1,1,1,1,1,5,3,3
70,5,6,Pflanzen gießen,dialogic,1,1,1,1,1,5,1,1,1,1,1,5,4,4
70,6,2,Geschichten schreiben,instructive,0,1,0,0,0,1,1,1,0,1,0,3,2,2
71,1,6,Pflanzen gießen,dialogic,1,1,0,1,1,4,1,1,1,1,1,5,3,2
71,2,1,Programmieren lernen,instructive,0,0,0,0,1,1,1,1,1,1,1,5,3,4
71,3,3,Bild Zeichnen,instructive,0,0,0,0,0,0,1,1,0,1,1,4,4,4
71,4,2,Geschichten schreiben,instructive,1,1,1,1,1,5,1,1,1,1,1,5,4,4
71,5,4,Hund ausführen,dialogic,1,1,1,1,1,5,1,1,1,1,1,5,2,2
71,6,5,Videos drehen,dialogic,1,1,0,1,1,4,1,1,1,1,1,5,2,2
72,1,3,Bild Zeichnen,dialogic,0,1,0,1,0,2,1,1,0,1,0,3,2,2
72,2,4,Hund ausführen,dialogic,0,1,0,1,0,2,0,1,0,1,1,3,2,2
72,3,2,Geschichten schreiben,instructive,0,1,0,1,0,2,0,1,0,1,1,3,4,3
72,4,1,Programmieren lernen,instructive,1,1,0,1,1,4,1,1,1,1,1,5,3,4
72,5,6,Pflanzen gießen,instructive,1,1,0,0,1,3,1,1,1,1,1,5,4,4
72,6,5,Videos drehen,dialogic,0,1,0,1,0,2,0,1,0,1,1,3,2,2
73,1,2,Geschichten schreiben,instructive,1,1,0,1,1,4,1,1,0,1,1,4,4,4
73,2,6,Pflanzen gießen,dialogic,1,1,1,1,1,5,1,1,0,1,1,4,2,3
73,3,3,Bild Zeichnen,instructive,0,1,0,1,0,2,1,1,1,1,1,5,3,3
73,4,1,Programmieren lernen,instructive,0,1,0,1,0,2,1,1,1,1,1,5,4,3
73,5,4,Hund ausführen,dialogic,1,1,1,1,1,5,1,1,1,1,1,5,1,1
73,6,5,Videos drehen,dialogic,0,0,0,0,0,0,1,1,1,1,1,5,2,2
74,1,2,Geschichten schreiben,instructive,0,0,0,0,0,0,1,1,1,1,1,5,4,3
74,2,4,Hund ausführen,dialogic,1,1,0,0,1,3,1,1,1,0,1,4,2,3
74,3,1,Programmieren lernen,dialogic,0,0,0,0,0,0,1,1,0,1,0,3,1,1
74,4,3,Bild Zeichnen,dialogic,0,1,0,0,0,1,1,1,0,1,0,3,2,2
74,5,5,Videos drehen,instructive,0,1,0,0,0,1,1,1,1,0,1,4,3,2
74,6,6,Pflanzen gießen,instructive,1,1,1,1,1,5,1,1,1,1,1,5,4,3
75,1,2,Geschichten schreiben,dialogic,0,0,0,0,0,0,0,1,0,1,1,3,2,2
75,2,3,Bild Zeichnen,instructive,0,1,0,1,0,2,1,1,0,1,0,3,4,3
75,3,6,Pflanzen gießen,dialogic,0,0,0,0,0,0,0,1,0,1,0,2,2,1
75,4,5,Videos drehen,dialogic,0,1,0,1,0,2,1,1,0,1,1,4,2,2
75,5,4,Hund ausführen,instructive,0,0,0,0,0,0,0,1,0,1,0,2,3,3
75,6,1,Programmieren lernen,instructive,0,0,0,0,0,0,1,1,0,1,1,4,4,3
76,1,1,Programmieren lernen,dialogic,1,1,1,1,1,5,1,1,1,1,1,5,2,2
76,2,6,Pflanzen gießen,instructive,1,1,1,1,1,5,1,1,1,1,1,5,4,4
76,3,3,Bild Zeichnen,dialogic,0,0,0,0,0,0,1,1,0,1,1,4,2,1
76,4,4,Hund ausführen,dialogic,0,0,0,0,0,0,1,1,1,1,0,4,1,2
76,5,5,Videos drehen,instructive,1,1,0,1,1,4,1,1,1,1,1,5,4,3
76,6,2,Geschichten schreiben,instructive,1,1,0,1,1,4,1,1,1,1,1,5,3,3
77,1,6,Pflanzen gießen,instructive,0,1,0,0,0,1,1,1,1,1,1,5,3,4
77,2,3,Bild Zeichnen,instructive,0,0,0,0,0,0,1,1,1,1,1,5,4,4
77,3,4,Hund ausführen,dialogic,1,0,0,1,0,2,1,1,1,1,1,5,2,3
77,4,2,Geschichten schreiben,dialogic,1,1,1,0,0,3,1,1,1,1,1,5,3,2
77,5,5,Videos drehen,dialogic,1,1,0,0,0,2,1,1,1,1,1,5,2,2
77,6,1,Programmieren lernen,instructive,0,0,0,0,0,0,1,1,1,1,1,5,4,3
78,1,5,Videos drehen,dialogic,1,1,0,1,1,4,1,1,1,1,1,5,2,2
78,2,3,Bild Zeichnen,instructive,1,1,0,1,0,3,1,1,0,1,1,4,4,3
78,3,4,Hund ausführen,instructive,1,1,0,1,0,3,1,1,0,1,1,4,2,2
78,4,2,Geschichten schreiben,dialogic,0,0,0,0,0,0,1,1,1,1,1,5,4,3
78,5,6,Pflanzen gießen,instructive,1,1,0,1,1,4,1,1,0,1,1,4,4,4
78,6,1,Programmieren lernen,dialogic,0,0,0,0,0,0,1,1,0,1,1,4,2,2
79,1,2,Geschichten schreiben,dialogic,1,1,1,1,1,5,1,1,1,1,1,5,4,4
79,2,5,Videos drehen,dialogic,0,0,0,0,0,0,1,1,1,1,0,4,4,3
79,3,4,Hund ausführen,instructive,0,0,0,0,0,0,0,1,0,1,1,3,3,2
79,4,6,Pflanzen gießen,dialogic,1,1,1,1,0,4,1,1,1,1,1,5,4,4
79,5,1,Programmieren lernen,instructive,1,1,0,0,0,2,1,1,1,1,1,5,3,3
79,6,3,Bild Zeichnen,instructive,0,1,0,0,0,1,1,1,1,1,1,5,3,2
80,1,5,Videos drehen,instructive,1,1,1,1,1,5,1,1,1,1,1,5,2,2
80,2,1,Programmieren lernen,instructive,0,0,0,0,0,0,N/A,N/A,N/A,N/A,N/A,N/A,2,1
80,3,4,Hund ausführen,dialogic,0,0,0,0,0,0,0,0,0,0,0,0,3,3
80,4,3,Bild Zeichnen,dialogic,N/A,N/A,N/A,N/A,N/A,N/A,N/A,N/A,N/A,N/A,N/A,N/A,3,3
80,5,2,Geschichten schreiben,dialogic,N/A,N/A,N/A,N/A,N/A,N/A,N/A,N/A,N/A,N/A,N/A,N/A,3,4
80,6,6,Pflanzen gießen,instructive,0,1,0,0,0,1,N/A,N/A,N/A,N/A,N/A,N/A,2,2
81,1,5,Videos drehen,dialogic,0,0,0,0,0,0,1,1,0,1,1,4,3,3
81,2,4,Hund ausführen,dialogic,0,1,0,1,0,2,0,1,0,1,1,3,4,4
81,3,1,Programmieren lernen,dialogic,1,1,0,0,0,2,1,1,0,1,0,3,3,3
81,4,3,Bild Zeichnen,instructive,0,0,0,0,0,0,1,1,0,1,0,3,2,2
81,5,2,Geschichten schreiben,instructive,0,0,0,0,0,0,1,1,1,1,1,5,2,2
81,6,6,Pflanzen gießen,instructive,0,1,0,1,1,3,1,1,1,1,1,5,3,3
82,1,5,Videos drehen,instructive,0,0,0,0,0,0,0,1,0,1,1,3,3,3
82,2,3,Bild Zeichnen,instructive,0,0,0,0,0,0,0,1,0,1,0,2,2,2
82,3,1,Programmieren lernen,dialogic,0,0,0,0,0,0,1,1,0,1,0,3,4,4
82,4,4,Hund ausführen,dialogic,0,1,0,1,0,2,1,1,0,1,1,4,4,4
82,5,6,Pflanzen gießen,dialogic,0,0,0,0,0,0,1,1,0,1,1,4,4,4
82,6,2,Geschichten schreiben,instructive,0,1,0,1,1,3,1,1,1,1,1,5,2,3
83,1,5,Videos drehen,instructive,0,1,0,1,0,2,0,1,0,1,0,2,1,1
83,2,6,Pflanzen gießen,dialogic,0,1,0,1,0,2,1,1,1,1,1,5,3,4
83,3,2,Geschichten schreiben,dialogic,0,0,0,0,0,0,1,1,0,1,0,3,3,3
83,4,4,Hund ausführen,instructive,0,1,0,1,0,2,0,1,0,1,1,3,2,1
83,5,3,Bild Zeichnen,instructive,0,0,0,0,0,0,0,1,0,1,0,2,2,3
83,6,1,Programmieren lernen,dialogic,1,1,0,1,1,4,1,1,0,1,1,4,3,4
84,1,1,Programmieren lernen,dialogic,0,0,0,0,0,0,0,1,0,0,0,1,3,3
84,2,4,Hund ausführen,dialogic,0,0,0,0,0,0,0,0,0,0,0,0,3,3
84,3,5,Videos drehen,instructive,0,0,0,0,0,0,1,1,1,1,1,5,3,3
84,4,6,Pflanzen gießen,dialogic,1,1,0,1,1,4,1,1,1,1,1,5,4,3
84,5,2,Geschichten schreiben,instructive,0,1,0,1,1,3,1,1,0,1,0,3,2,2
84,6,3,Bild Zeichnen,instructive,0,0,0,0,0,0,1,1,0,1,1,4,1,1
85,1,6,Pflanzen gießen,dialogic,1,1,1,1,1,5,1,1,1,1,1,5,4,4
85,2,3,Bild Zeichnen,instructive,1,1,1,1,1,5,1,1,1,1,1,5,2,3
85,3,5,Videos drehen,instructive,1,1,1,1,1,5,1,1,1,1,1,5,3,2
85,4,2,Geschichten schreiben,dialogic,1,1,1,1,1,5,1,1,1,1,1,5,4,3
85,5,4,Hund ausführen,dialogic,0,1,0,0,1,2,1,1,1,1,1,5,3,4
85,6,1,Programmieren lernen,instructive,1,1,0,1,1,4,1,1,0,1,1,4,2,3
86,1,4,Hund ausführen,instructive,0,0,0,0,0,0,1,1,1,0,1,4,3,4
86,2,2,Geschichten schreiben,dialogic,0,1,0,0,0,1,1,1,1,0,1,4,2,2
86,3,5,Videos drehen,instructive,0,0,0,0,0,0,0,1,0,1,0,2,3,3
86,4,1,Programmieren lernen,dialogic,0,1,0,0,0,1,1,1,0,0,1,3,2,2
86,5,3,Bild Zeichnen,instructive,1,1,0,0,1,3,1,1,0,0,1,3,2,2
86,6,6,Pflanzen gießen,dialogic,1,1,0,0,1,3,1,1,0,0,1,3,1,1
87,1,2,Geschichten schreiben,dialogic,0,0,0,0,0,0,1,1,0,0,1,3,2,2
87,2,6,Pflanzen gießen,instructive,0,0,0,0,0,0,1,1,0,1,1,4,4,4
87,3,3,Bild Zeichnen,dialogic,0,0,0,0,0,0,1,1,0,0,1,3,2,2
87,4,1,Programmieren lernen,instructive,0,0,0,0,0,0,1,1,0,1,1,4,3,4
87,5,4,Hund ausführen,dialogic,1,1,1,1,1,5,1,1,1,1,1,5,2,2
87,6,5,Videos drehen,instructive,0,0,0,0,0,0,1,1,1,1,1,5,4,3
88,1,2,Geschichten schreiben,dialogic,0,0,0,0,0,0,1,1,1,1,0,4,3,2
88,2,1,Programmieren lernen,instructive,0,0,0,0,0,0,1,1,0,1,1,4,3,3
88,3,4,Hund ausführen,dialogic,0,0,0,0,0,0,0,1,0,1,0,2,1,2
88,4,3,Bild Zeichnen,instructive,0,1,0,1,0,2,0,1,0,1,1,3,3,4
88,5,5,Videos drehen,dialogic,0,0,0,0,0,0,1,1,1,0,1,4,3,2
88,6,6,Pflanzen gießen,instructive,0,0,0,1,0,1,0,1,0,1,1,3,4,4
89,1,3,Bild Zeichnen,dialogic,1,1,1,1,1,5,1,1,1,1,1,5,3,4
89,2,6,Pflanzen gießen,instructive,0,1,0,0,0,1,1,1,1,1,1,5,3,2
89,3,2,Geschichten schreiben,dialogic,0,0,0,0,0,0,1,1,1,1,1,5,3,3
89,4,1,Programmieren lernen,dialogic,0,0,0,0,0,0,1,1,0,1,1,4,4,3
89,5,4,Hund ausführen,instructive,0,0,0,0,0,0,0,1,0,1,0,2,2,2
89,6,5,Videos drehen,instructive,0,0,0,0,0,0,1,1,1,1,0,4,3,2
90,1,1,Programmieren lernen,dialogic,0,1,0,0,0,1,1,1,0,1,1,4,3,3
90,2,5,Videos drehen,dialogic,0,0,0,0,0,0,1,1,0,1,0,3,3,2
90,3,4,Hund ausführen,instructive,0,0,0,0,0,0,0,1,0,1,0,2,4,4
90,4,2,Geschichten schreiben,instructive,0,0,0,0,0,0,0,1,0,1,1,3,4,4
90,5,6,Pflanzen gießen,instructive,1,1,0,1,1,4,1,1,0,1,1,4,4,4
90,6,3,Bild Zeichnen,dialogic,0,1,0,0,0,1,1,1,0,0,1,3,3,3
91,1,6,Pflanzen gießen,dialogic,0,0,0,1,0,1,1,1,1,1,1,5,3,3
91,2,3,Bild Zeichnen,dialogic,0,1,0,1,0,2,0,1,0,1,1,3,2,2
91,3,2,Geschichten schreiben,instructive,0,1,0,1,0,2,0,1,0,1,1,3,3,3
91,4,5,Videos drehen,instructive,1,1,1,1,1,5,1,1,1,1,1,5,4,4
91,5,1,Programmieren lernen,instructive,0,1,0,1,0,2,1,1,1,1,1,5,3,4
91,6,4,Hund ausführen,dialogic,1,1,1,0,1,4,1,1,1,1,1,5,2,2
92,1,5,Videos drehen,dialogic,0,0,0,0,0,0,1,1,1,1,1,5,3,3
92,2,6,Pflanzen gießen,dialogic,0,0,0,0,0,0,0,1,0,1,0,2,2,2
92,3,3,Bild Zeichnen,instructive,0,0,0,0,0,0,1,1,1,1,1,5,3,4
92,4,4,Hund ausführen,instructive,0,0,0,0,0,0,1,1,1,1,1,5,3,3
92,5,1,Programmieren lernen,instructive,1,1,0,0,0,2,1,1,0,1,1,4,3,4
92,6,2,Geschichten schreiben,dialogic,1,0,0,0,0,1,1,1,0,1,1,4,2,2
93,1,6,Pflanzen gießen,instructive,1,1,1,0,1,4,1,1,1,0,1,4,2,2
93,2,5,Videos drehen,dialogic,0,1,0,0,1,2,1,1,1,1,1,5,3,3
93,3,3,Bild Zeichnen,dialogic,1,1,1,1,1,5,1,1,1,1,1,5,4,4
93,4,2,Geschichten schreiben,instructive,1,1,1,1,1,5,1,1,1,1,0,4,2,2
93,5,1,Programmieren lernen,instructive,1,1,1,1,0,4,1,1,1,1,1,5,2,2
93,6,4,Hund ausführen,dialogic,1,1,1,1,0,4,1,1,1,1,0,4,3,3
94,1,5,Videos drehen,instructive,1,1,1,1,1,5,1,1,1,1,1,5,4,4
94,2,3,Bild Zeichnen,instructive,1,1,1,1,1,5,1,1,1,1,1,5,4,4
94,3,4,Hund ausführen,dialogic,1,1,1,1,1,5,1,1,1,1,1,5,2,2
94,4,2,Geschichten schreiben,dialogic,1,1,0,1,0,3,1,1,0,1,1,4,2,1
94,5,6,Pflanzen gießen,dialogic,0,1,0,1,1,3,1,1,1,1,1,5,1,1
94,6,1,Programmieren lernen,instructive,1,1,1,0,0,3,1,1,0,0,1,3,4,3
95,1,1,Programmieren lernen,dialogic,0,0,0,0,0,0,1,1,1,0,1,4,4,4
95,2,5,Videos drehen,dialogic,0,0,0,0,0,0,1,1,0,1,1,4,3,4
95,3,4,Hund ausführen,instructive,0,0,0,0,0,0,0,1,0,1,1,3,3,3
95,4,3,Bild Zeichnen,instructive,0,0,0,0,0,0,1,1,0,1,1,4,3,3
95,5,2,Geschichten schreiben,instructive,1,1,0,0,1,3,1,1,0,1,1,4,2,1
95,6,6,Pflanzen gießen,dialogic,0,0,0,0,0,0,1,1,0,1,1,4,4,3
96,1,2,Geschichten schreiben,dialogic,1,1,1,0,0,3,1,1,1,1,1,5,2,3
96,2,6,Pflanzen gießen,dialogic,1,1,1,1,1,5,1,1,1,1,1,5,2,3
96,3,1,Programmieren lernen,instructive,0,1,0,0,0,1,1,1,0,1,1,4,3,3
96,4,3,Bild Zeichnen,instructive,1,1,1,1,1,5,1,1,1,1,1,5,4,4
96,5,4,Hund ausführen,instructive,1,1,1,1,1,5,1,1,1,1,1,5,3,3
96,6,5,Videos drehen,dialogic,1,1,0,1,1,4,1,1,1,1,1,5,2,2
97,1,2,Geschichten schreiben,dialogic,0,0,0,0,0,0,1,1,0,1,1,4,3,2
97,2,1,Programmieren lernen,instructive,0,0,0,0,0,0,1,1,1,1,1,5,4,4
97,3,4,Hund ausführen,dialogic,0,0,0,0,0,0,1,1,0,1,1,4,2,2
97,4,5,Videos drehen,instructive,0,1,0,1,0,2,1,1,1,1,1,5,4,4
97,5,3,Bild Zeichnen,dialogic,0,1,0,1,0,2,0,1,0,1,1,3,3,2
97,6,6,Pflanzen gießen,instructive,1,1,0,0,1,3,1,1,1,1,1,5,4,3
98,1,6,Pflanzen gießen,dialogic,1,1,1,1,1,5,1,1,1,1,1,5,3,3
98,2,1,Programmieren lernen,instructive,0,0,0,0,0,0,1,1,1,1,1,5,3,2
98,3,4,Hund ausführen,dialogic,0,1,0,1,0,2,1,1,1,1,1,5,3,3
98,4,3,Bild Zeichnen,instructive,0,1,0,1,0,2,1,1,1,0,1,4,2,3
98,5,5,Videos drehen,instructive,0,1,0,0,0,1,1,1,0,1,1,4,2,2
98,6,2,Geschichten schreiben,dialogic,1,1,1,0,0,3,1,1,1,1,1,5,4,4
99,1,6,Pflanzen gießen,dialogic,0,1,0,0,0,1,1,1,1,1,1,5,3,2
99,2,1,Programmieren lernen,instructive,1,1,1,1,1,5,1,1,1,1,1,5,4,4
99,3,3,Bild Zeichnen,dialogic,0,1,0,0,0,1,1,1,1,1,1,5,3,1
99,4,4,Hund ausführen,instructive,0,1,0,1,0,2,1,1,1,1,1,5,4,3
99,5,2,Geschichten schreiben,instructive,0,0,0,0,0,0,1,1,1,1,1,5,3,4
99,6,5,Videos drehen,dialogic,0,0,0,0,0,0,1,1,0,1,1,4,3,3
100,1,3,Bild Zeichnen,instructive,0,0,0,0,0,0,1,1,1,1,1,5,4,3
100,2,6,Pflanzen gießen,dialogic,0,0,0,0,0,0,1,1,1,0,0,3,2,2
100,3,2,Geschichten schreiben,instructive,0,1,0,0,0,1,0,0,0,0,0,0,2,2
100,4,4,Hund ausführen,dialogic,0,0,0,0,0,0,0,1,0,1,1,3,2,2
100,5,5,Videos drehen,dialogic,0,0,0,0,0,0,0,1,1,1,0,3,2,2
100,6,1,Programmieren lernen,instructive,0,1,0,1,0,2,1,1,1,1,0,4,3,3
101,1,6,Pflanzen gießen,dialogic,1,1,0,1,1,4,1,1,0,1,1,4,2,2
101,2,5,Videos drehen,dialogic,0,0,0,0,0,0,0,1,0,1,0,2,2,3
101,3,2,Geschichten schreiben,instructive,0,0,0,0,0,0,1,1,0,1,1,4,4,3
101,4,4,Hund ausführen,instructive,1,1,0,0,0,2,1,1,0,1,0,3,3,3
101,5,1,Programmieren lernen,dialogic,1,1,0,0,1,3,1,1,0,1,1,4,2,2
101,6,3,Bild Zeichnen,instructive,0,1,0,1,1,3,1,1,1,1,1,5,4,4
102,1,6,Pflanzen gießen,instructive,0,1,0,1,0,2,0,1,0,0,0,1,2,2
102,2,4,Hund ausführen,dialogic,0,1,0,1,0,2,0,1,0,1,0,2,1,1
102,3,3,Bild Zeichnen,dialogic,0,1,0,0,0,1,1,1,0,0,1,3,1,1
102,4,1,Programmieren lernen,instructive,0,1,0,1,0,2,1,1,1,0,1,4,2,3
102,5,5,Videos drehen,dialogic,0,1,0,1,0,2,1,1,0,1,0,3,1,2
102,6,2,Geschichten schreiben,instructive,0,0,0,0,0,0,1,1,0,1,1,4,3,2
103,1,6,Pflanzen gießen,instructive,1,1,1,1,1,5,1,1,1,1,1,5,4,3
103,2,4,Hund ausführen,dialogic,0,0,0,0,0,0,1,1,1,1,1,5,3,3
103,3,2,Geschichten schreiben,instructive,1,1,1,1,1,5,1,1,1,1,1,5,4,4
103,4,3,Bild Zeichnen,dialogic,1,1,1,1,1,5,1,1,1,1,1,5,3,3
103,5,5,Videos drehen,dialogic,0,1,0,0,0,1,0,1,0,1,0,2,2,2
103,6,1,Programmieren lernen,instructive,0,0,0,0,0,0,0,1,0,1,0,2,4,3
104,1,4,Hund ausführen,dialogic,0,1,0,1,0,2,0,1,0,1,0,2,3,3
104,2,5,Videos drehen,dialogic,0,0,0,0,0,0,0,1,1,1,0,3,2,2
104,3,3,Bild Zeichnen,dialogic,0,0,0,0,0,0,1,1,0,1,1,4,2,2
104,4,1,Programmieren lernen,instructive,0,1,0,0,0,1,0,1,0,1,1,3,1,1
104,5,6,Pflanzen gießen,instructive,0,0,0,0,0,0,1,1,0,0,1,3,1,1
104,6,2,Geschichten schreiben,instructive,0,1,0,1,0,2,1,1,0,1,1,4,1,1
105,1,3,Bild Zeichnen,dialogic,0,0,0,0,0,0,1,1,0,1,0,3,1,1
105,2,4,Hund ausführen,dialogic,1,1,0,0,1,3,1,1,0,1,1,4,1,1
105,3,2,Geschichten schreiben,dialogic,0,0,0,0,0,0,1,1,0,1,0,3,1,1
105,4,6,Pflanzen gießen,instructive,1,1,0,0,1,3,1,1,0,1,1,4,4,4
105,5,5,Videos drehen,instructive,1,1,1,1,1,5,1,1,1,1,1,5,3,3
105,6,1,Programmieren lernen,instructive,1,1,0,1,0,3,1,1,0,1,1,4,3,4
106,1,4,Hund ausführen,dialogic,0,0,0,0,0,0,1,1,1,1,1,5,3,3
106,2,2,Geschichten schreiben,instructive,0,0,0,0,0,0,1,1,0,1,1,4,3,4
106,3,1,Programmieren lernen,instructive,1,1,1,0,1,4,1,1,1,0,1,4,3,3
106,4,6,Pflanzen gießen,dialogic,1,1,0,0,1,3,1,1,0,0,1,3,2,2
106,5,5,Videos drehen,dialogic,0,0,0,0,0,0,1,1,0,0,1,3,2,2
106,6,3,Bild Zeichnen,instructive,0,1,0,1,0,2,1,1,1,1,1,5,2,2
107,1,5,Videos drehen,instructive,0,0,0,0,0,0,0,0,0,0,0,0,3,2
107,2,2,Geschichten schreiben,instructive,0,0,0,0,0,0,1,1,0,0,0,2,3,3
107,3,6,Pflanzen gießen,dialogic,0,0,0,0,0,0,1,1,0,1,1,4,3,3
107,4,3,Bild Zeichnen,dialogic,0,0,0,1,0,1,0,1,1,1,0,3,4,3
107,5,1,Programmieren lernen,instructive,0,0,0,0,0,0,1,1,0,0,1,3,2,2
107,6,4,Hund ausführen,dialogic,0,1,0,1,1,3,0,1,0,1,1,3,4,4
108,1,1,Programmieren lernen,dialogic,1,1,1,1,1,5,1,1,1,1,1,5,2,1
108,2,5,Videos drehen,instructive,0,0,0,0,0,0,1,1,0,1,1,4,3,3
108,3,6,Pflanzen gießen,dialogic,1,1,1,0,0,3,1,1,1,0,0,3,2,1
108,4,3,Bild Zeichnen,dialogic,0,0,0,0,0,0,0,1,1,0,0,2,3,2
108,5,2,Geschichten schreiben,instructive,0,1,1,0,0,2,1,1,1,1,0,4,3,3
108,6,4,Hund ausführen,instructive,0,0,0,0,0,0,1,1,0,1,1,4,4,3
109,1,2,Geschichten schreiben,dialogic,0,0,0,0,0,0,0,1,0,1,0,2,2,2
109,2,4,Hund ausführen,dialogic,0,1,0,0,0,1,0,1,0,0,0,1,2,3
109,3,6,Pflanzen gießen,instructive,0,0,0,0,0,0,1,1,0,0,1,3,3,4
109,4,5,Videos drehen,instructive,0,1,0,0,0,1,1,1,0,0,1,3,3,4
109,5,3,Bild Zeichnen,dialogic,0,1,0,0,0,1,1,1,0,1,0,3,2,2
109,6,1,Programmieren lernen,instructive,0,0,0,0,0,0,1,1,0,0,1,3,4,4
110,1,4,Hund ausführen,instructive,0,0,0,0,0,0,0,1,0,1,0,2,2,2
110,2,3,Bild Zeichnen,dialogic,0,0,0,0,0,0,1,1,0,1,1,4,3,3
110,3,1,Programmieren lernen,dialogic,0,1,0,1,0,2,1,1,1,0,1,4,3,3
110,4,2,Geschichten schreiben,instructive,0,1,0,0,0,1,0,1,0,1,0,2,2,3
110,5,5,Videos drehen,instructive,0,1,0,0,0,1,0,1,0,1,1,3,2,2
110,6,6,Pflanzen gießen,dialogic,0,1,0,1,0,2,0,1,0,1,1,3,3,4
111,1,3,Bild Zeichnen,dialogic,0,0,0,0,0,0,0,1,0,1,1,3,3,3
111,2,4,Hund ausführen,instructive,0,1,0,0,0,1,0,1,1,1,0,3,2,2
111,3,6,Pflanzen gießen,dialogic,0,1,0,1,0,2,1,1,0,1,1,4,3,4
111,4,5,Videos drehen,dialogic,0,1,1,1,0,3,1,1,1,1,1,5,3,4
111,5,2,Geschichten schreiben,instructive,0,1,1,0,0,2,1,1,1,1,1,5,3,2
111,6,1,Programmieren lernen,instructive,0,1,0,1,0,2,1,1,1,0,1,4,2,3
112,1,2,Geschichten schreiben,dialogic,0,0,0,0,0,0,0,1,0,1,0,2,4,4
112,2,5,Videos drehen,dialogic,0,1,0,1,0,2,0,1,0,1,0,2,4,4
112,3,4,Hund ausführen,dialogic,0,1,0,1,0,2,0,1,0,1,1,3,3,3
112,4,6,Pflanzen gießen,instructive,0,0,0,0,0,0,0,1,0,1,0,2,1,1
112,5,1,Programmieren lernen,instructive,0,1,0,0,0,1,1,1,1,0,1,4,1,2
112,6,3,Bild Zeichnen,instructive,1,1,0,1,1,4,1,1,1,1,1,5,2,2
113,1,6,Pflanzen gießen,instructive,0,0,0,0,0,0,N/A,N/A,N/A,N/A,N/A,N/A,2,2
113,2,5,Videos drehen,dialogic,0,0,0,0,0,0,0,1,0,1,0,2,4,4
113,3,1,Programmieren lernen,dialogic,0,1,0,1,1,3,0,1,0,0,0,1,3,4
113,4,4,Hund ausführen,dialogic,0,1,0,0,0,1,0,1,0,1,0,2,4,4
113,5,2,Geschichten schreiben,instructive,0,1,0,0,0,1,1,1,0,1,1,4,3,2
113,6,3,Bild Zeichnen,instructive,N/A,N/A,N/A,N/A,N/A,N/A,N/A,N/A,N/A,N/A,N/A,N/A,3,3
114,1,4,Hund ausführen,instructive,0,0,0,0,0,0,0,1,0,1,0,2,3,2
114,2,3,Bild Zeichnen,dialogic,0,0,0,0,0,0,1,1,1,1,1,5,3,4
114,3,6,Pflanzen gießen,instructive,0,1,1,0,1,3,0,1,1,0,1,3,3,2
114,4,1,Programmieren lernen,dialogic,0,1,1,0,1,3,1,1,1,0,1,4,4,4
114,5,5,Videos drehen,instructive,0,1,0,0,0,1,0,1,1,1,0,3,3,2
114,6,2,Geschichten schreiben,dialogic,0,1,1,0,1,3,1,1,1,1,1,5,4,3
115,1,6,Pflanzen gießen,dialogic,1,1,1,1,1,5,1,1,1,1,1,5,2,2
115,2,4,Hund ausführen,instructive,1,1,1,1,1,5,1,1,1,1,1,5,3,4
115,3,3,Bild Zeichnen,instructive,1,1,1,1,1,5,1,1,1,1,1,5,3,4
115,4,5,Videos drehen,dialogic,1,1,1,1,1,5,1,1,1,1,1,5,2,3
115,5,1,Programmieren lernen,dialogic,1,1,0,1,1,4,1,1,1,1,1,5,2,3
115,6,2,Geschichten schreiben,instructive,1,1,1,1,1,5,1,1,1,1,1,5,4,4
116,1,5,Videos drehen,dialogic,0,0,0,0,0,0,0,1,0,1,0,2,2,2
116,2,1,Programmieren lernen,instructive,0,0,0,0,0,0,1,1,0,1,1,4,3,3
116,3,2,Geschichten schreiben,instructive,0,0,0,0,0,0,0,1,0,1,0,2,4,3
116,4,4,Hund ausführen,dialogic,0,0,0,0,0,0,1,1,0,1,1,4,3,3
116,5,6,Pflanzen gießen,dialogic,0,0,0,0,0,0,0,0,0,0,0,0,1,1
116,6,3,Bild Zeichnen,instructive,0,0,0,0,0,0,0,1,0,1,0,2,3,3
117,1,2,Geschichten schreiben,dialogic,0,1,0,0,0,1,1,1,0,1,1,4,3,3
117,2,1,Programmieren lernen,dialogic,0,1,0,1,0,2,1,1,0,1,1,4,4,4
117,3,3,Bild Zeichnen,instructive,0,1,0,0,0,1,1,1,1,1,1,5,2,1
117,4,5,Videos drehen,dialogic,0,1,0,0,0,1,1,1,1,0,1,4,3,4
117,5,6,Pflanzen gießen,instructive,1,1,0,1,1,4,1,1,1,1,1,5,1,2
117,6,4,Hund ausführen,instructive,1,1,1,0,1,4,1,1,1,1,1,5,2,2
118,1,1,Programmieren lernen,dialogic,1,1,1,1,1,5,1,1,1,1,1,5,1,1
118,2,5,Videos drehen,instructive,0,0,0,0,0,0,1,1,0,1,1,4,3,4
118,3,2,Geschichten schreiben,instructive,1,1,1,1,1,5,1,1,1,1,1,5,3,3
118,4,4,Hund ausführen,dialogic,1,1,0,1,1,4,1,1,0,1,1,4,2,1
118,5,3,Bild Zeichnen,instructive,0,0,0,0,0,0,1,1,1,1,1,5,4,3
118,6,6,Pflanzen gießen,dialogic,1,1,1,1,1,5,1,1,1,1,1,5,2,2
119,1,6,Pflanzen gießen,instructive,0,1,0,0,0,1,0,1,0,1,1,3,2,3
119,2,5,Videos drehen,dialogic,1,1,1,1,1,5,1,1,1,1,1,5,3,4
119,3,1,Programmieren lernen,instructive,0,1,0,0,1,2,1,1,1,1,1,5,3,3
119,4,3,Bild Zeichnen,instructive,0,0,0,0,0,0,0,1,0,1,0,2,2,2
119,5,4,Hund ausführen,dialogic,0,0,0,0,0,0,1,1,1,1,1,5,3,3
119,6,2,Geschichten schreiben,dialogic,0,0,0,0,0,0,1,1,0,1,1,4,3,3
120,1,3,Bild Zeichnen,instructive,0,0,0,0,0,0,1,1,0,1,1,4,3,3
120,2,1,Programmieren lernen,instructive,0,1,0,0,0,1,1,1,0,0,1,3,2,2
120,3,4,Hund ausführen,dialogic,0,0,0,0,0,0,0,1,0,1,1,3,3,3
120,4,6,Pflanzen gießen,dialogic,0,1,0,0,0,1,1,1,0,1,1,4,3,3
120,5,5,Videos drehen,dialogic,0,1,0,0,0,1,1,1,0,1,1,4,4,3
120,6,2,Geschichten schreiben,instructive,1,1,0,0,1,3,1,1,0,0,1,3,2,2
121,1,1,Programmieren lernen,instructive,0,1,0,0,1,2,1,0,0,1,1,3,2,2
121,2,2,Geschichten schreiben,dialogic,0,1,0,1,1,3,1,1,1,1,1,5,4,3
121,3,3,Bild Zeichnen,instructive,0,1,0,0,1,2,1,1,0,1,1,4,2,2
121,4,4,Hund ausführen,dialogic,0,1,0,0,1,2,1,1,1,1,1,5,4,4
121,5,6,Pflanzen gießen,dialogic,0,0,0,0,0,0,1,1,0,1,0,3,4,4
121,6,5,Videos drehen,instructive,0,1,0,1,0,2,1,1,0,1,1,4,1,2
122,1,5,Videos drehen,dialogic,1,1,1,0,1,4,1,1,1,1,1,5,3,3
122,2,1,Programmieren lernen,dialogic,0,1,0,0,0,1,1,1,1,1,1,5,3,3
122,3,6,Pflanzen gießen,instructive,1,1,1,1,1,5,1,1,1,1,1,5,4,3
122,4,4,Hund ausführen,instructive,0,0,0,0,0,0,1,1,0,1,0,3,4,3
122,5,2,Geschichten schreiben,instructive,1,1,0,1,0,3,1,1,0,1,1,4,4,4
122,6,3,Bild Zeichnen,dialogic,1,1,0,1,1,4,1,1,0,1,1,4,2,2
123,1,1,Programmieren lernen,dialogic,0,0,0,0,0,0,0,1,0,1,0,2,2,2
123,2,3,Bild Zeichnen,instructive,0,0,0,0,0,0,1,1,1,0,0,3,4,3
123,3,2,Geschichten schreiben,dialogic,0,1,0,1,0,2,0,1,0,1,1,3,2,3
123,4,6,Pflanzen gießen,instructive,0,1,0,1,0,2,1,1,0,1,1,4,3,3
123,5,5,Videos drehen,dialogic,0,1,0,0,0,1,0,1,0,1,1,3,2,2
123,6,4,Hund ausführen,instructive,0,1,0,1,0,2,1,1,1,1,1,5,3,3
124,1,6,Pflanzen gießen,instructive,0,0,0,0,0,0,0,1,0,1,0,2,2,2
124,2,3,Bild Zeichnen,dialogic,0,0,0,0,0,0,0,1,0,1,0,2,4,3
124,3,4,Hund ausführen,dialogic,0,1,0,0,0,1,0,1,0,1,1,3,3,3
124,4,5,Videos drehen,dialogic,0,0,0,0,0,0,0,1,0,1,0,2,4,3
124,5,2,Geschichten schreiben,instructive,0,1,0,1,0,2,0,1,0,1,0,2,2,2
124,6,1,Programmieren lernen,instructive,0,1,0,1,0,2,1,1,0,1,0,3,3,2
125,1,1,Programmieren lernen,instructive,0,0,0,0,0,0,0,1,0,1,1,3,3,3
125,2,2,Geschichten schreiben,instructive,0,0,0,0,0,0,0,1,0,1,1,3,4,3
125,3,4,Hund ausführen,dialogic,0,1,0,0,0,1,1,1,1,0,1,4,4,4
125,4,6,Pflanzen gießen,dialogic,1,1,1,0,0,3,1,1,1,1,1,5,4,4
125,5,3,Bild Zeichnen,dialogic,1,1,0,1,0,3,1,1,1,1,1,5,4,4
125,6,5,Videos drehen,instructive,1,1,1,0,0,3,1,1,0,1,1,4,2,2
126,1,4,Hund ausführen,dialogic,0,0,0,0,0,0,1,1,0,0,1,3,4,4
126,2,1,Programmieren lernen,instructive,0,0,0,0,0,0,1,1,0,1,1,4,2,3
126,3,3,Bild Zeichnen,dialogic,0,0,0,0,0,0,0,1,0,1,1,3,3,3
126,4,6,Pflanzen gießen,instructive,0,0,0,0,0,0,0,1,0,1,1,3,2,2
126,5,5,Videos drehen,instructive,0,0,0,0,0,0,0,1,0,1,0,2,3,3
126,6,2,Geschichten schreiben,dialogic,0,0,0,0,0,0,1,1,0,1,0,3,3,4
127,1,3,Bild Zeichnen,instructive,0,0,0,0,0,0,0,1,0,1,1,3,2,2
127,2,6,Pflanzen gießen,instructive,0,1,0,0,0,1,0,1,0,1,0,2,2,2
127,3,5,Videos drehen,dialogic,0,1,0,1,1,3,1,1,0,1,1,4,4,3
127,4,2,Geschichten schreiben,dialogic,0,1,0,1,0,2,0,1,0,1,1,3,4,3
127,5,4,Hund ausführen,instructive,0,0,0,0,0,0,1,1,0,1,1,4,2,3
127,6,1,Programmieren lernen,dialogic,0,0,0,0,0,0,1,1,0,1,1,4,4,4
128,1,4,Hund ausführen,dialogic,0,1,0,0,0,1,0,1,1,1,0,3,3,4
128,2,3,Bild Zeichnen,instructive,0,1,0,0,0,1,1,1,0,1,1,4,3,3
128,3,6,Pflanzen gießen,dialogic,0,1,0,1,1,3,1,1,1,0,1,4,3,4
128,4,1,Programmieren lernen,dialogic,0,0,0,0,0,0,0,0,0,0,0,0,3,3
128,5,5,Videos drehen,instructive,0,0,0,0,0,0,1,1,0,1,1,4,3,3
128,6,2,Geschichten schreiben,instructive,0,1,0,0,0,1,1,1,0,1,1,4,2,2
129,1,3,Bild Zeichnen,instructive,0,0,0,0,0,0,1,0,0,1,0,2,2,2
129,2,1,Programmieren lernen,dialogic,0,0,0,0,0,0,0,1,0,0,0,1,3,3
129,3,6,Pflanzen gießen,instructive,0,0,0,1,0,1,1,1,1,1,1,5,3,3
129,4,5,Videos drehen,instructive,0,0,0,0,0,0,0,1,0,1,1,3,2,3
129,5,4,Hund ausführen,dialogic,0,0,0,0,0,0,1,1,0,1,1,4,4,4
129,6,2,Geschichten schreiben,dialogic,0,0,0,0,0,0,1,1,0,1,1,4,4,4
130,1,1,Programmieren lernen,dialogic,0,0,0,0,0,0,0,1,0,1,0,2,2,2
130,2,5,Videos drehen,instructive,0,0,0,0,0,0,1,1,1,1,0,4,4,3
130,3,3,Bild Zeichnen,instructive,1,1,0,1,1,4,1,1,0,1,1,4,3,3
130,4,6,Pflanzen gießen,dialogic,0,1,0,1,0,2,1,1,0,1,0,3,2,1
130,5,4,Hund ausführen,dialogic,0,1,0,1,0,2,1,1,1,1,1,5,2,2
130,6,2,Geschichten schreiben,instructive,0,0,0,0,0,0,1,1,1,1,1,5,4,4
131,1,5,Videos drehen,instructive,1,1,1,1,1,5,1,1,1,1,1,5,4,3
131,2,1,Programmieren lernen,instructive,0,0,0,0,0,0,1,1,1,1,1,5,3,3
131,3,2,Geschichten schreiben,dialogic,0,0,0,0,0,0,1,1,0,1,1,4,2,2
131,4,6,Pflanzen gießen,dialogic,0,1,0,1,0,2,1,1,0,0,1,3,2,3
131,5,3,Bild Zeichnen,instructive,0,0,0,0,0,0,1,1,1,1,1,5,4,3
131,6,4,Hund ausführen,dialogic,0,0,0,0,0,0,1,0,0,1,1,3,2,2
132,1,5,Videos drehen,instructive,0,0,0,0,0,0,0,1,0,1,0,2,2,3
132,2,4,Hund ausführen,instructive,0,1,0,1,0,2,1,1,0,0,1,3,3,3
132,3,6,Pflanzen gießen,dialogic,0,1,0,1,0,2,1,1,0,1,1,4,3,3
132,4,3,Bild Zeichnen,dialogic,0,1,0,1,0,2,1,1,1,0,1,4,3,3
132,5,1,Programmieren lernen,dialogic,0,1,0,0,0,1,1,1,0,1,1,4,4,3
132,6,2,Geschichten schreiben,instructive,0,1,0,1,0,2,1,1,1,0,1,4,2,2
133,1,2,Geschichten schreiben,dialogic,0,1,0,0,0,1,0,1,0,1,0,2,3,3
133,2,3,Bild Zeichnen,instructive,0,1,0,1,0,2,1,1,1,1,1,5,3,3
133,3,1,Programmieren lernen,dialogic,1,1,1,1,1,5,1,1,0,1,1,4,3,3
133,4,6,Pflanzen gießen,instructive,1,1,0,1,1,4,1,1,1,1,1,5,2,2
133,5,4,Hund ausführen,instructive,0,1,0,0,1,2,1,1,0,1,1,4,3,2
133,6,5,Videos drehen,dialogic,0,1,0,1,0,2,1,1,0,1,0,3,4,3
134,1,2,Geschichten schreiben,instructive,0,0,0,0,0,0,0,1,0,1,0,2,3,3
134,2,5,Videos drehen,dialogic,0,0,0,0,0,0,1,1,0,1,0,3,2,2
134,3,1,Programmieren lernen,dialogic,0,1,0,0,0,1,1,1,0,1,0,3,2,2
134,4,4,Hund ausführen,instructive,0,1,0,1,0,2,1,1,0,1,1,4,3,3
134,5,3,Bild Zeichnen,instructive,0,1,0,1,0,2,1,1,0,1,1,4,3,3
134,6,6,Pflanzen gießen,dialogic,0,1,0,1,1,3,1,1,1,1,1,5,2,2
135,1,6,Pflanzen gießen,instructive,0,1,0,1,0,2,1,1,1,1,1,5,3,4
135,2,2,Geschichten schreiben,dialogic,0,1,0,1,0,2,0,1,0,1,0,2,2,2
135,3,5,Videos drehen,dialogic,0,1,0,0,0,1,0,1,0,1,0,2,2,2
135,4,3,Bild Zeichnen,instructive,0,1,0,0,0,1,0,1,0,1,0,2,3,3
135,5,1,Programmieren lernen,dialogic,0,1,0,0,0,1,0,1,0,1,1,3,2,2
135,6,4,Hund ausführen,instructive,0,0,0,0,0,0,1,1,1,1,1,5,3,3
136,1,1,Programmieren lernen,dialogic,0,1,0,0,0,1,1,1,1,1,1,5,3,4
136,2,6,Pflanzen gießen,instructive,0,0,0,0,0,0,1,1,1,1,1,5,3,3
136,3,4,Hund ausführen,instructive,1,1,0,1,1,4,1,1,0,1,1,4,2,2
136,4,5,Videos drehen,instructive,0,0,0,0,0,0,1,1,0,1,0,3,3,2
136,5,2,Geschichten schreiben,dialogic,0,0,0,0,0,0,1,1,0,1,1,4,3,4
136,6,3,Bild Zeichnen,dialogic,0,0,0,0,0,0,1,1,1,0,1,4,3,4
137,1,2,Geschichten schreiben,dialogic,0,0,0,0,0,0,1,1,1,1,1,5,3,3
137,2,1,Programmieren lernen,instructive,1,1,1,1,1,5,1,1,1,1,1,5,3,3
137,3,4,Hund ausführen,dialogic,1,1,0,1,1,4,1,1,0,1,1,4,2,3
137,4,3,Bild Zeichnen,instructive,0,1,0,1,0,2,1,1,1,1,1,5,4,4
137,5,6,Pflanzen gießen,instructive,0,1,0,1,0,2,1,1,0,1,1,4,4,4
137,6,5,Videos drehen,dialogic,0,0,0,1,1,2,0,1,0,1,1,3,2,3
138,1,2,Geschichten schreiben,dialogic,0,0,0,0,0,0,1,1,1,1,1,5,3,3
138,2,3,Bild Zeichnen,dialogic,0,1,0,0,0,1,0,1,0,1,1,3,3,2
138,3,1,Programmieren lernen,instructive,0,1,0,1,0,2,0,1,0,1,0,2,4,4
138,4,6,Pflanzen gießen,instructive,0,1,0,0,0,1,0,1,0,1,1,3,3,3
138,5,4,Hund ausführen,instructive,0,1,0,1,0,2,1,1,1,1,1,5,3,3
138,6,5,Videos drehen,dialogic,1,1,1,1,1,5,1,1,1,1,1,5,2,2
139,1,3,Bild Zeichnen,instructive,0,1,0,1,0,2,0,1,0,0,0,1,1,2
139,2,2,Geschichten schreiben,instructive,0,0,0,0,0,0,0,1,0,0,0,1,1,2
139,3,1,Programmieren lernen,dialogic,0,0,0,0,0,0,1,1,1,1,1,5,4,4
139,4,6,Pflanzen gießen,instructive,1,1,1,1,1,5,1,1,1,1,1,5,2,2
139,5,5,Videos drehen,dialogic,0,0,0,0,0,0,1,1,0,1,0,3,4,4
139,6,4,Hund ausführen,dialogic,0,0,0,0,0,0,1,1,0,1,1,4,4,4
140,1,2,Geschichten schreiben,instructive,0,0,0,0,0,0,1,1,0,1,1,4,3,3
140,2,5,Videos drehen,dialogic,1,1,0,0,0,2,1,1,0,1,1,4,2,2
140,3,3,Bild Zeichnen,dialogic,1,1,1,0,1,4,1,1,1,1,1,5,2,2
140,4,6,Pflanzen gießen,instructive,0,1,0,0,0,1,1,1,1,1,1,5,4,3
140,5,1,Programmieren lernen,instructive,0,1,0,0,0,1,1,1,1,0,1,4,4,3
140,6,4,Hund ausführen,dialogic,1,0,1,0,0,2,1,1,1,1,1,5,3,3
141,1,3,Bild Zeichnen,dialogic,1,0,0,0,1,2,1,1,1,1,1,5,3,3
141,2,4,Hund ausführen,dialogic,0,1,0,1,0,2,1,1,0,1,1,4,3,2
141,3,1,Programmieren lernen,instructive,1,1,1,0,0,3,1,1,1,1,0,4,3,3
141,4,5,Videos drehen,instructive,1,1,1,1,1,5,1,1,1,1,1,5,3,3
141,5,6,Pflanzen gießen,instructive,1,1,0,1,0,3,1,1,0,1,0,3,3,3
141,6,2,Geschichten schreiben,dialogic,1,0,0,1,0,2,1,1,1,1,0,4,2,2
142,1,2,Geschichten schreiben,dialogic,1,1,1,1,1,5,1,1,1,1,1,5,3,3
142,2,5,Videos drehen,dialogic,1,1,1,1,1,5,1,1,1,1,1,5,1,1
142,3,1,Programmieren lernen,instructive,1,1,1,1,1,5,1,1,1,1,1,5,3,3
142,4,6,Pflanzen gießen,dialogic,1,1,1,1,1,5,1,1,1,1,1,5,2,3
142,5,3,Bild Zeichnen,instructive,1,0,0,1,1,3,1,0,0,1,1,3,3,4
142,6,4,Hund ausführen,instructive,0,0,0,0,0,0,1,1,1,1,1,5,4,4
143,1,1,Programmieren lernen,dialogic,0,0,0,0,0,0,1,1,0,1,1,4,4,3
143,2,6,Pflanzen gießen,dialogic,0,0,0,1,0,1,1,1,0,1,0,3,3,4
143,3,3,Bild Zeichnen,instructive,0,0,0,0,0,0,0,1,0,1,0,2,1,1
143,4,5,Videos drehen,instructive,0,0,0,0,0,0,1,1,0,1,0,3,2,2
143,5,2,Geschichten schreiben,instructive,0,1,0,0,0,1,1,1,0,1,1,4,3,2
143,6,4,Hund ausführen,dialogic,0,0,0,0,0,0,0,1,0,1,1,3,3,3
144,1,1,Programmieren lernen,instructive,0,0,0,0,0,0,0,1,0,0,0,1,2,3
144,2,6,Pflanzen gießen,instructive,0,1,0,0,0,1,0,1,0,1,1,3,3,3
144,3,3,Bild Zeichnen,instructive,0,0,0,0,0,0,0,1,1,0,0,2,3,3
144,4,5,Videos drehen,dialogic,0,1,0,0,0,1,1,1,0,1,1,4,4,4
144,5,2,Geschichten schreiben,dialogic,0,1,0,1,0,2,1,1,1,0,1,4,3,3
144,6,4,Hund ausführen,dialogic,1,1,1,0,0,3,1,1,0,1,1,4,4,4
145,1,2,Geschichten schreiben,dialogic,1,1,1,0,0,3,1,1,1,1,1,5,3,2
145,2,1,Programmieren lernen,dialogic,0,0,0,0,0,0,1,1,1,1,1,5,3,3
145,3,5,Videos drehen,instructive,0,1,0,1,0,2,1,1,1,1,1,5,3,4
145,4,3,Bild Zeichnen,instructive,1,1,1,0,1,4,1,1,1,1,1,5,3,4
145,5,4,Hund ausführen,dialogic,1,1,1,1,1,5,1,1,1,1,1,5,2,2
145,6,6,Pflanzen gießen,instructive,0,0,0,0,0,0,1,1,0,1,1,4,3,4
146,1,2,Geschichten schreiben,dialogic,1,1,1,1,1,5,1,1,1,1,1,5,3,4
146,2,3,Bild Zeichnen,instructive,0,1,0,1,0,2,1,1,1,1,1,5,3,3
146,3,4,Hund ausführen,dialogic,0,1,0,0,0,1,1,1,1,1,1,5,4,4
146,4,5,Videos drehen,instructive,0,1,0,0,0,1,1,1,1,1,1,5,3,3
146,5,1,Programmieren lernen,dialogic,1,1,1,1,1,5,1,1,1,1,1,5,4,4
146,6,6,Pflanzen gießen,instructive,1,1,0,1,0,3,1,1,0,1,1,4,2,2
147,1,1,Programmieren lernen,dialogic,0,1,0,0,0,1,1,1,1,0,1,4,1,2
147,2,6,Pflanzen gießen,instructive,0,0,0,1,0,1,1,1,1,1,1,5,3,4
147,3,4,Hund ausführen,dialogic,0,0,0,0,0,0,1,1,0,0,1,3,2,2
147,4,3,Bild Zeichnen,dialogic,0,0,0,0,0,0,1,1,0,0,1,3,2,2
147,5,2,Geschichten schreiben,instructive,0,0,0,0,0,0,1,1,0,1,1,4,4,3
147,6,5,Videos drehen,instructive,0,0,0,0,0,0,1,1,1,1,1,5,3,3
148,1,6,Pflanzen gießen,dialogic,0,0,0,0,0,0,1,1,0,0,1,3,2,2
148,2,4,Hund ausführen,dialogic,0,0,0,0,0,0,1,1,0,1,0,3,2,2
148,3,3,Bild Zeichnen,instructive,0,0,0,0,0,0,1,1,0,1,1,4,3,3
148,4,2,Geschichten schreiben,instructive,1,1,0,1,1,4,1,1,0,1,1,4,3,3
148,5,5,Videos drehen,instructive,0,1,0,1,0,2,0,1,0,0,0,1,3,3
148,6,1,Programmieren lernen,dialogic,0,0,0,0,0,0,0,1,0,1,0,2,2,2
149,1,6,Pflanzen gießen,instructive,0,1,0,0,0,1,1,1,0,1,1,4,3,4
149,2,2,Geschichten schreiben,instructive,0,1,0,1,1,3,1,1,1,1,1,5,3,3
149,3,4,Hund ausführen,dialogic,1,1,0,1,1,4,1,1,1,1,1,5,1,2
149,4,5,Videos drehen,dialogic,1,1,0,1,1,4,1,1,1,1,1,5,1,1
149,5,3,Bild Zeichnen,instructive,1,1,1,0,1,4,1,1,1,0,1,4,3,3
149,6,1,Programmieren lernen,dialogic,1,1,0,1,1,4,1,1,1,1,1,5,2,2
150,1,6,Pflanzen gießen,dialogic,0,1,0,1,0,2,0,1,0,1,1,3,3,4
150,2,4,Hund ausführen,instructive,0,1,0,1,0,2,0,1,0,1,0,2,2,2
150,3,2,Geschichten schreiben,dialogic,0,1,0,0,1,2,1,1,1,1,1,5,3,4
150,4,1,Programmieren lernen,instructive,0,0,0,0,0,0,0,1,0,1,0,2,2,2
150,5,5,Videos drehen,instructive,0,0,0,0,0,0,0,1,0,0,0,1,3,3
150,6,3,Bild Zeichnen,dialogic,0,1,0,0,0,1,0,1,0,0,0,1,3,4
151,1,5,Videos drehen,dialogic,0,0,0,0,0,0,0,1,0,1,0,2,3,1
151,2,2,Geschichten schreiben,instructive,0,0,0,0,0,0,0,1,0,1,0,2,4,4
151,3,4,Hund ausführen,instructive,0,0,0,0,0,0,1,1,0,0,1,3,3,2
151,4,3,Bild Zeichnen,dialogic,0,0,0,0,0,0,1,1,0,1,0,3,1,2
151,5,6,Pflanzen gießen,instructive,0,1,0,1,0,2,1,1,0,1,1,4,4,3
151,6,1,Programmieren lernen,dialogic,0,1,0,0,0,1,0,1,0,1,1,3,2,2
152,1,1,Programmieren lernen,instructive,0,1,0,1,1,3,1,1,1,1,1,5,3,3
152,2,5,Videos drehen,dialogic,1,1,1,1,1,5,1,1,1,1,1,5,2,2
152,3,6,Pflanzen gießen,dialogic,1,1,0,0,1,3,1,1,1,1,1,5,2,2
152,4,4,Hund ausführen,instructive,0,1,0,1,0,2,1,1,0,1,1,4,3,3
152,5,2,Geschichten schreiben,dialogic,0,1,0,1,0,2,1,1,1,1,1,5,2,1
152,6,3,Bild Zeichnen,instructive,0,1,0,0,0,1,1,1,0,1,1,4,4,3
153,1,1,Programmieren lernen,instructive,0,1,0,1,1,3,1,1,1,1,1,5,2,2
153,2,3,Bild Zeichnen,dialogic,0,0,0,0,0,0,0,1,0,1,0,2,4,4
153,3,4,Hund ausführen,dialogic,0,0,0,0,0,0,1,1,0,1,1,4,4,4
153,4,6,Pflanzen gießen,dialogic,1,1,1,1,1,5,1,1,1,1,1,5,3,4
153,5,5,Videos drehen,instructive,0,0,0,0,0,0,1,1,0,1,1,4,3,3
153,6,2,Geschichten schreiben,instructive,0,0,0,0,0,0,0,1,0,1,0,2,2,2
154,1,6,Pflanzen gießen,instructive,0,1,0,1,1,3,1,1,1,1,1,5,4,4
154,2,3,Bild Zeichnen,dialogic,0,1,0,1,0,2,1,1,0,1,1,4,3,3
154,3,4,Hund ausführen,instructive,0,0,0,0,0,0,1,1,0,1,1,4,4,4
154,4,5,Videos drehen,dialogic,0,0,0,0,0,0,0,1,0,1,0,2,2,2
154,5,2,Geschichten schreiben,dialogic,0,0,0,0,0,0,1,1,0,1,1,4,2,3
154,6,1,Programmieren lernen,instructive,0,0,0,0,0,0,1,1,0,1,1,4,4,4
155,1,2,Geschichten schreiben,dialogic,0,0,0,0,0,0,1,1,1,1,1,5,3,4
155,2,4,Hund ausführen,instructive,0,0,0,0,0,0,1,1,0,1,1,4,2,3
155,3,5,Videos drehen,instructive,0,1,0,0,0,1,1,1,1,0,1,4,2,3
155,4,3,Bild Zeichnen,dialogic,1,1,0,1,1,4,1,1,1,1,1,5,3,4
155,5,1,Programmieren lernen,instructive,0,0,0,0,0,0,0,1,0,1,0,2,2,2
155,6,6,Pflanzen gießen,dialogic,1,0,0,0,0,1,1,1,0,1,1,4,3,4
156,1,3,Bild Zeichnen,dialogic,0,0,0,0,0,0,0,1,0,1,1,3,3,4
156,2,4,Hund ausführen,instructive,0,1,0,1,0,2,0,1,0,1,0,2,2,2
156,3,6,Pflanzen gießen,instructive,0,1,0,0,0,1,0,1,1,1,0,3,2,2
156,4,2,Geschichten schreiben,dialogic,0,1,0,1,0,2,1,1,1,1,1,5,4,4
156,5,5,Videos drehen,dialogic,0,1,0,0,0,1,1,1,0,1,1,4,4,4
156,6,1,Programmieren lernen,instructive,0,1,0,1,0,2,1,1,0,1,1,4,3,3
157,1,6,Pflanzen gießen,instructive,1,1,1,1,1,5,1,1,1,1,1,5,2,3
157,2,5,Videos drehen,dialogic,0,0,0,0,0,0,0,1,1,1,0,3,4,4
157,3,2,Geschichten schreiben,instructive,1,1,0,0,1,3,1,1,1,1,1,5,2,2
157,4,4,Hund ausführen,dialogic,0,0,0,0,0,0,1,1,0,1,0,3,4,4
157,5,1,Programmieren lernen,dialogic,1,1,1,0,1,4,1,1,1,1,1,5,4,4
157,6,3,Bild Zeichnen,instructive,1,1,0,1,1,4,1,1,1,1,1,5,2,2
158,1,3,Bild Zeichnen,dialogic,0,1,0,1,0,2,1,1,1,1,1,5,3,3
158,2,1,Programmieren lernen,instructive,1,1,1,1,1,5,1,1,1,1,1,5,4,3
158,3,4,Hund ausführen,instructive,1,1,1,1,1,5,1,1,1,1,1,5,3,3
158,4,5,Videos drehen,dialogic,1,1,0,1,1,4,1,1,1,1,1,5,3,2
158,5,2,Geschichten schreiben,instructive,1,1,1,1,1,5,1,1,1,1,1,5,2,4
158,6,6,Pflanzen gießen,dialogic,1,1,0,1,1,4,1,1,1,1,1,5,2,2
159,1,6,Pflanzen gießen,dialogic,0,0,0,0,0,0,1,1,0,0,0,2,4,4
159,2,2,Geschichten schreiben,instructive,0,1,1,1,0,3,1,1,1,1,0,4,3,2
159,3,5,Videos drehen,instructive,0,0,0,0,0,0,1,1,1,1,1,5,1,3
159,4,3,Bild Zeichnen,instructive,1,1,0,0,1,3,1,1,0,1,0,3,2,1
159,5,4,Hund ausführen,dialogic,0,1,1,1,0,3,1,1,1,1,1,5,4,4
159,6,1,Programmieren lernen,dialogic,1,0,0,1,0,2,1,1,1,1,1,5,4,4
160,1,4,Hund ausführen,dialogic,0,1,1,1,0,3,1,1,1,1,1,5,2,2
160,2,5,Videos drehen,instructive,1,1,0,1,1,4,1,1,0,1,1,4,3,3
160,3,6,Pflanzen gießen,dialogic,1,1,0,1,1,4,1,1,0,1,1,4,2,2
160,4,1,Programmieren lernen,dialogic,1,0,0,0,0,1,0,1,1,1,0,3,2,2
160,5,3,Bild Zeichnen,instructive,0,0,0,0,0,0,0,1,0,1,0,2,4,3
160,6,2,Geschichten schreiben,instructive,1,1,0,1,0,3,1,1,1,1,1,5,3,3
161,1,5,Videos drehen,dialogic,0,0,0,0,0,0,0,1,1,1,0,3,1,1
161,2,4,Hund ausführen,dialogic,0,1,0,0,0,1,0,1,0,1,1,3,1,1
161,3,2,Geschichten schreiben,dialogic,0,0,0,0,0,0,0,1,0,1,1,3,2,2
161,4,1,Programmieren lernen,instructive,1,1,1,0,1,4,1,1,1,1,1,5,4,4
161,5,6,Pflanzen gießen,instructive,0,0,0,0,0,0,1,1,0,1,1,4,4,4
161,6,3,Bild Zeichnen,instructive,0,0,0,0,0,0,1,1,0,1,1,4,3,4
162,1,1,Programmieren lernen,instructive,0,0,0,0,0,0,1,1,0,1,0,3,1,1
162,2,2,Geschichten schreiben,dialogic,0,0,0,0,0,0,1,1,1,1,1,5,1,1
162,3,6,Pflanzen gießen,instructive,0,0,0,0,0,0,1,1,0,1,1,4,1,1
162,4,4,Hund ausführen,dialogic,1,1,0,0,1,3,1,1,1,1,1,5,1,1
162,5,3,Bild Zeichnen,instructive,0,0,0,0,0,0,1,1,1,0,0,3,1,1
162,6,5,Videos drehen,dialogic,0,0,0,0,0,0,1,1,1,1,1,5,1,1
163,1,6,Pflanzen gießen,dialogic,1,1,0,1,1,4,1,1,1,1,1,5,4,4
163,2,4,Hund ausführen,instructive,0,1,0,1,0,2,0,1,0,1,1,3,1,1
163,3,5,Videos drehen,instructive,0,1,0,0,0,1,1,1,0,1,1,4,1,1
163,4,3,Bild Zeichnen,instructive,0,0,0,0,0,0,1,1,1,1,1,5,1,1
163,5,2,Geschichten schreiben,dialogic,0,0,0,0,0,0,1,1,1,1,0,4,1,1
163,6,1,Programmieren lernen,dialogic,1,1,0,0,0,2,0,1,0,1,1,3,1,1
164,1,3,Bild Zeichnen,instructive,0,0,0,0,0,0,1,1,1,1,1,5,3,3
164,2,1,Programmieren lernen,dialogic,0,0,0,0,0,0,0,1,0,1,1,3,3,4
164,3,5,Videos drehen,dialogic,0,0,0,0,0,0,0,1,0,1,0,2,4,4
164,4,4,Hund ausführen,dialogic,0,1,0,1,0,2,1,1,0,1,1,4,3,3
164,5,2,Geschichten schreiben,instructive,0,1,1,1,0,3,1,1,1,1,1,5,2,2
164,6,6,Pflanzen gießen,instructive,0,0,0,1,0,1,1,1,0,1,1,4,3,2
165,1,1,Programmieren lernen,instructive,1,1,1,1,1,5,1,1,1,1,1,5,3,2
165,2,5,Videos drehen,instructive,1,1,1,1,1,5,1,1,1,1,1,5,2,2
165,3,2,Geschichten schreiben,instructive,1,1,1,1,1,5,1,1,1,1,1,5,2,2
165,4,6,Pflanzen gießen,dialogic,1,1,0,1,1,4,1,1,1,1,1,5,1,1
165,5,4,Hund ausführen,dialogic,1,1,0,0,1,3,1,1,1,0,1,4,1,1
165,6,3,Bild Zeichnen,dialogic,0,1,0,1,0,2,1,1,1,1,1,5,2,1
166,1,4,Hund ausführen,dialogic,1,1,0,1,0,3,1,1,1,1,1,5,3,3
166,2,3,Bild Zeichnen,dialogic,0,0,0,0,0,0,1,0,0,1,1,3,3,3
166,3,6,Pflanzen gießen,instructive,0,0,0,0,0,0,1,1,1,1,1,5,2,2
166,4,1,Programmieren lernen,instructive,0,0,0,0,0,0,1,1,0,1,1,4,3,3
166,5,2,Geschichten schreiben,dialogic,0,0,0,0,0,0,1,1,0,0,0,2,4,4
166,6,5,Videos drehen,instructive,0,0,0,0,0,0,1,1,1,1,1,5,3,3
167,1,6,Pflanzen gießen,dialogic,0,0,0,0,0,0,0,1,0,1,1,3,3,2
167,2,4,Hund ausführen,dialogic,0,1,0,0,0,1,0,1,0,0,0,1,2,1
167,3,1,Programmieren lernen,instructive,0,0,0,0,0,0,1,1,1,0,0,3,3,3
167,4,2,Geschichten schreiben,dialogic,0,1,0,1,0,2,0,1,0,1,0,2,2,1
167,5,3,Bild Zeichnen,instructive,0,1,0,0,0,1,0,1,0,1,1,3,3,3
167,6,5,Videos drehen,instructive,0,1,1,1,0,3,1,1,1,1,1,5,3,3
168,1,3,Bild Zeichnen,instructive,0,0,0,0,0,0,0,1,0,1,1,3,3,4
168,2,5,Videos drehen,instructive,0,0,0,0,0,0,1,1,0,1,0,3,4,4
168,3,2,Geschichten schreiben,instructive,0,0,0,0,0,0,1,1,0,1,1,4,4,4
168,4,4,Hund ausführen,dialogic,0,0,0,0,0,0,1,1,0,0,1,3,1,2
168,5,1,Programmieren lernen,dialogic,0,1,0,0,0,1,1,1,0,1,0,3,2,3
168,6,6,Pflanzen gießen,dialogic,0,0,0,0,0,0,1,1,0,1,1,4,3,3
169,1,5,Videos drehen,dialogic,0,1,0,1,0,2,1,1,1,1,1,5,2,3
169,2,4,Hund ausführen,dialogic,0,0,0,0,0,0,0,1,0,1,1,3,3,2
169,3,1,Programmieren lernen,instructive,0,1,0,1,0,2,1,1,0,1,0,3,3,3
169,4,2,Geschichten schreiben,instructive,0,1,0,0,0,1,1,1,0,1,1,4,3,3
169,5,6,Pflanzen gießen,dialogic,0,0,0,1,0,1,1,1,1,1,1,5,3,3
169,6,3,Bild Zeichnen,instructive,0,1,0,0,0,1,0,1,0,1,0,2,3,4
170,1,2,Geschichten schreiben,instructive,0,1,0,0,0,1,1,1,1,0,1,4,4,4
170,2,5,Videos drehen,dialogic,0,0,0,0,0,0,1,1,1,0,1,4,1,3
170,3,6,Pflanzen gießen,dialogic,0,0,0,0,0,0,0,1,0,1,1,3,3,3
170,4,4,Hund ausführen,instructive,0,1,0,1,1,3,0,1,0,1,1,3,4,4
170,5,3,Bild Zeichnen,dialogic,0,0,0,0,0,0,1,1,0,1,0,3,3,3
170,6,1,Programmieren lernen,instructive,0,0,0,0,0,0,1,1,0,1,1,4,4,4
,,,,,,,,,,,,,,,,,,
,,,,,,,,,,,,,,,,,,
,,,,,,,,,,,,,,,,,,
,,,,,,,,,,,,,,,,,,
,,,,,,,,,,,,,,,,,,
,,,,,,,,,,,,,,,,,,
,,,,,,,,,,,,,,,,,,
,,,,,,,,,,,,,,,,,,
,,,,,,,,,,,,,,,,,,
,,,,,,,,,,,,,,,,,,
,,,,,,,,,,,,,,,,,,
,,,,,,,,,,,,,,,,,,
,,,,,,,,,,,,,,,,,,
,,,,,,,,,,,,,,,,,,
,,,,,,,,,,,,,,,,,,
,,,,,,,,,,,,,,,,,,
,,,,,,,,,,,,,,,,,,
,,,,,,,,,,,,,,,,,,
,,,,,,,,,,,,,,,,,,
,,,,,,,,,,,,,,,,,,
,,,,,,,,,,,,,,,,,,
,,,,,,,,,,,,,,,,,,
,,,,,,,,,,,,,,,,,,
,,,,,,,,,,,,,,,,,,
,,,,,,,,,,,,,,,,,,
,,,,,,,,,,,,,,,,,,
,,,,,,,,,,,,,,,,,,
,,,,,,,,,,,,,,,,,,
,,,,,,,,,,,,,,,,,,
,,,,,,,,,,,,,,,,,,
,,,,,,,,,,,,,,,,,,
,,,,,,,,,,,,,,,,,,
,,,,,,,,,,,,,,,,,,
,,,,,,,,,,,,,,,,,,
,,,,,,,,,,,,,,,,,,
,,,,,,,,,,,,,,,,,,
,,,,,,,,,,,,,,,,,,
,,,,,,,,,,,,,,,,,,
,,,,,,,,,,,,,,,,,,
,,,,,,,,,,,,,,,,,,
,,,,,,,,,,,,,,,,,,
,,,,,,,,,,,,,,,,,,
,,,,,,,,,,,,,,,,,,
,,,,,,,,,,,,,,,,,,
,,,,,,,,,,,,,,,,,,
,,,,,,,,,,,,,,,,,,
,,,,,,,,,,,,,,,,,,
,,,,,,,,,,,,,,,,,,
,,,,,,,,,,,,,,,,,,
,,,,,,,,,,,,,,,,,,
,,,,,,,,,,,,,,,,,,
,,,,,,,,,,,,,,,,,,
,,,,,,,,,,,,,,,,,,
,,,,,,,,,,,,,,,,,,
,,,,,,,,,,,,,,,,,,
,,,,,,,,,,,,,,,,,,
,,,,,,,,,,,,,,,,,,
,,,,,,,,,,,,,,,,,,
,,,,,,,,,,,,,,,,,,
,,,,,,,,,,,,,,,,,,
,,,,,,,,,,,,,,,,,,
,,,,,,,,,,,,,,,,,,
,,,,,,,,,,,,,,,,,,
,,,,,,,,,,,,,,,,,,
,,,,,,,,,,,,,,,,,,
,,,,,,,,,,,,,,,,,,
,,,,,,,,,,,,,,,,,,
,,,,,,,,,,,,,,,,,,
,,,,,,,,,,,,,,,,,,
,,,,,,,,,,,,,,,,,,
,,,,,,,,,,,,,,,,,,
,,,,,,,,,,,,,,,,,,
,,,,,,,,,,,,,,,,,,
,,,,,,,,,,,,,,,,,,
,,,,,,,,,,,,,,,,,,
,,,,,,,,,,,,,,,,,,
,,,,,,,,,,,,,,,,,,
,,,,,,,,,,,,,,,,,,
,,,,,,,,,,,,,,,,,,
,,,,,,,,,,,,,,,,,,
,,,,,,,,,,,,,,,,,,
,,,,,,,,,,,,,,,,,,
,,,,,,,,,,,,,,,,,,
,,,,,,,,,,,,,,,,,,
,,,,,,,,,,,,,,,,,,
,,,,,,,,,,,,,,,,,,
,,,,,,,,,,,,,,,,,,
,,,,,,,,,,,,,,,,,,
,,,,,,,,,,,,,,,,,,
,,,,,,,,,,,,,,,,,,
,,,,,,,,,,,,,,,,,,
,,,,,,,,,,,,,,,,,,
,,,,,,,,,,,,,,,,,,
,,,,,,,,,,,,,,,,,,
,,,,,,,,,,,,,,,,,,
,,,,,,,,,,,,,,,,,,
,,,,,,,,,,,,,,,,,,
,,,,,,,,,,,,,,,,,,
,,,,,,,,,,,,,,,,,,
,,,,,,,,,,,,,,,,,,
,,,,,,,,,,,,,,,,,,
,,,,,,,,,,,,,,,,,,
,,,,,,,,,,,,,,,,,,
,,,,,,,,,,,,,,,,,,
,,,,,,,,,,,,,,,,,,
,,,,,,,,,,,,,,,,,,
,,,,,,,,,,,,,,,,,,
,,,,,,,,,,,,,,,,,,
,,,,,,,,,,,,,,,,,,
,,,,,,,,,,,,,,,,,,
,,,,,,,,,,,,,,,,,,
,,,,,,,,,,,,,,,,,,
,,,,,,,,,,,,,,,,,,
,,,,,,,,,,,,,,,,,,
,,,,,,,,,,,,,,,,,,
,,,,,,,,,,,,,,,,,,
,,,,,,,,,,,,,,,,,,
,,,,,,,,,,,,,,,,,,
,,,,,,,,,,,,,,,,,,
,,,,,,,,,,,,,,,,,,
,,,,,,,,,,,,,,,,,,
,,,,,,,,,,,,,,,,,,
,,,,,,,,,,,,,,,,,,
,,,,,,,,,,,,,,,,,,
,,,,,,,,,,,,,,,,,,
,,,,,,,,,,,,,,,,,,
,,,,,,,,,,,,,,,,,,
,,,,,,,,,,,,,,,,,,
,,,,,,,,,,,,,,,,,,
,,,,,,,,,,,,,,,,,,
,,,,,,,,,,,,,,,,,,
,,,,,,,,,,,,,,,,,,
,,,,,,,,,,,,,,,,,,
,,,,,,,,,,,,,,,,,,
,,,,,,,,,,,,,,,,,,
,,,,,,,,,,,,,,,,,,
,,,,,,,,,,,,,,,,,,
,,,,,,,,,,,,,,,,,,
,,,,,,,,,,,,,,,,,,
,,,,,,,,,,,,,,,,,,
,,,,,,,,,,,,,,,,,,
,,,,,,,,,,,,,,,,,,
,,,,,,,,,,,,,,,,,,
,,,,,,,,,,,,,,,,,,
,,,,,,,,,,,,,,,,,,
,,,,,,,,,,,,,,,,,,
,,,,,,,,,,,,,,,,,,
,,,,,,,,,,,,,,,,,,
,,,,,,,,,,,,,,,,,,
,,,,,,,,,,,,,,,,,,
,,,,,,,,,,,,,,,,,,
,,,,,,,,,,,,,,,,,,
,,,,,,,,,,,,,,,,,,
,,,,,,,,,,,,,,,,,,
,,,,,,,,,,,,,,,,,,
,,,,,,,,,,,,,,,,,,
,,,,,,,,,,,,,,,,,,
,,,,,,,,,,,,,,,,,,
,,,,,,,,,,,,,,,,,,
,,,,,,,,,,,,,,,,,,
,,,,,,,,,,,,,,,,,,
,,,,,,,,,,,,,,,,,,
,,,,,,,,,,,,,,,,,,
,,,,,,,,,,,,,,,,,,
,,,,,,,,,,,,,,,,,,
,,,,,,,,,,,,,,,,,,
,,,,,,,,,,,,,,,,,,
,,,,,,,,,,,,,,,,,,
,,,,,,,,,,,,,,,,,,
,,,,,,,,,,,,,,,,,,
